sku,product_type,name,out_of_stock_qty,use_config_min_qty,max_cart_qty,use_config_max_sale_qty,is_in_stock,notify_on_stock_below,use_config_notify_stock_qty,related_skus,related_position,crosssell_skus,crosssell_position,upsell_skus,upsell_position,associated_skus
1010635,simple,VERGALHAO CA-50 1/4 (6.3mm),0.0000,1,10.000.000,0,1,0.0000,0,,,,,,,
1010800,simple,VERGALHAO CA-50 5/16 (8.0mm),0.0000,1,10.000.000,0,1,0.0000,0,,,,,,,
1011000,simple,VERGALHAO CA-50 3/8 (10.0mm),0.0000,1,10.000.000,0,1,0.0000,0,,,,,,,
1011250,simple,VERGALHAO CA-50 1/2 (12.5mm),0.0000,1,10.000.000,0,1,0.0000,0,,,,,,,
1011600,simple,VERGALHAO CA-50 5/8 (16.0mm),0.0000,1,10.000.000,0,1,0.0000,0,,,,,,,
1012000,simple,VERGALHAO CA-50 3/4 (20.0mm),0.0000,1,10.000.000,0,1,0.0000,0,,,,,,,
1012500,simple,VERGALHAO CA-50 1 (25.0mm),0.0000,1,10.000.000,0,1,0.0000,0,,,,,,,
101,grouped,Vergalhão CA-50 - Resistência e Qualidade para Construção,0.0000,1,10.000.000,0,1,0.0000,0,201,1,,,,,"1010635=0.000000,1010800=0.000000,1011000=0.000000,1011250=0.000000,1011600=0.000000,1012000=0.000000,1012500=0.000000"
1023400,simple,VERGALHAO CA-60 (3.4mm) ROLO,0.0000,1,10.000.000,0,1,0.0000,0,,,,,,,
1024200,simple,VERGALHAO CA-60 (4.2mm) ROLO,0.0000,1,10.000.000,0,1,0.0000,0,,,,,,,
1024201,simple,VERGALHAO CA-60 (4.2mm) BARRA,0.0000,1,10.000.000,0,1,0.0000,0,,,,,,,
1025000,simple,VERGALHAO CA-60 (5.0mm) ROLO,0.0000,1,10.000.000,0,1,0.0000,0,,,,,,,
1025001,simple,VERGALHAO CA-60 (5.0mm) BARRA,0.0000,1,10.000.000,0,1,0.0000,0,,,,,,,
1026000,simple,VERGALHAO CA-60 (6.0mm) ROLO,0.0000,1,10.000.000,0,1,0.0000,0,,,,,,,
102,grouped,Vergalhão CA-60,0.0000,1,10.000.000,0,1,0.0000,0,,,,,,,"1023400=0.000000,1024200=0.000000,1024201=0.000000,1025000=0.000000,1025001=0.000000,1026000=0.000000"
2010640,simple,TRELIÇA TG-8L SUPERLEVE (6/4.2/3.4mm),0.0000,1,10.000.000,0,1,0.0000,0,,,,,,,
2010643,simple,TRELIÇA TG-8L SUPERLEVE (6/4.2/3.4mm),0.0000,1,10.000.000,0,1,0.0000,0,,,,,,,
2010654,simple,TRELIÇA TG-8L (6/4.2/4.2mm),0.0000,1,10.000.000,0,1,0.0000,0,,,,,,,
2010664,simple,TRELIÇA TG-8L (6/4.2/4.2mm),0.0000,1,10.000.000,0,1,0.0000,0,,,,,,,
2010665,simple,TRELIÇA TG-12M (6/5/4.2mm),0.0000,1,10.000.000,0,1,0.0000,0,,,,,,,
201,grouped,Treliça,0.0000,1,10.000.000,0,1,0.0000,0,,,,,,,"2010640=0.000000,2010643=0.000000,2010654=0.000000,2010664=0.000000,2010665=0.000000"
2021515,simple,ESTRIBO CA-60 4.2mm - 15 x 15,0.0000,1,10.000.000,0,1,0.0000,0,,,,,,,
2021707,simple,ESTRIBO CA-60 4.2mm - 7 x 17,0.0000,1,10.000.000,0,1,0.0000,0,,,,,,,
2022010,simple,ESTRIBO CA-60 4.2mm - 10 x 20,0.0000,1,10.000.000,0,1,0.0000,0,,,,,,,
2022207,simple,ESTRIBO CA-60 4.2mm - 7 x 22,0.0000,1,10.000.000,0,1,0.0000,0,,,,,,,
2022707,simple,ESTRIBO CA-60 4.2mm - 7 x 27,0.0000,1,10.000.000,0,1,0.0000,0,,,,,,,
202,grouped,Estribo CA-60,0.0000,1,10.000.000,0,1,0.0000,0,,,,,,,"2021515=0.000000,2021707=0.000000,2022010=0.000000,2022207=0.000000,2022707=0.000000"
2042030,simple,MALHA POP LEVE (20x20 - 3.4mm),0.0000,1,10.000.000,0,1,0.0000,0,,,,,,,
2042031,simple,MALHA POP MEDIA (15x15 - 3.4mm),0.0000,1,10.000.000,0,1,0.0000,0,,,,,,,
2042032,simple,MALHA POP PESADA (10x10 - 4.2mm),0.0000,1,10.000.000,0,1,0.0000,0,,,,,,,
2042033,simple,MALHA POP REFORÇADA (15x15 - 4.2mm),0.0000,1,10.000.000,0,1,0.0000,0,,,,,,,
204,grouped,Malha Pop 2 X 3 M,0.0000,1,10.000.000,0,1,0.0000,0,,,,,,,"2042030=0.000000,2042031=0.000000,2042032=0.000000,2042033=0.000000"
2042460,simple,TELA SOLDADA Q61 (15x15 - 3.4mm),0.0000,1,10.000.000,0,1,0.0000,0,,,,,,,
2042461,simple,TELA SOLDADA Q92 (15x15 - 4.2mm),0.0000,1,10.000.000,0,1,0.0000,0,,,,,,,
2042463,simple,TELA SOLDADA Q138 (10x10 - 4.2mm),0.0000,1,10.000.000,0,1,0.0000,0,,,,,,,
2042465,simple,TELA SOLDADA Q196 (10x10 - 5.0mm),0.0000,1,10.000.000,0,1,0.0000,0,,,,,,,
2042,grouped,"Tela Soldada Nervurada 2,45 X 6m",0.0000,1,10.000.000,0,1,0.0000,0,"204,301,101","1,2,3","202,201","1,2","30319,3031","1,2","2042460=0.000000,2042461=0.000000,2042463=0.000000,2042465=0.000000"
2050860,simple,SAPATA TELA 5/16 (8.0mm) 60 X 60,0.0000,1,10.000.000,0,1,0.0000,0,,,,,,,
2050880,simple,SAPATA TELA 5/16 (8.0mm) 80 X 80,0.0000,1,10.000.000,0,1,0.0000,0,,,,,,,
205,grouped,Sapata Tela,0.0000,1,10.000.000,0,1,0.0000,0,,,,,,,"2050860=0.000000,2050880=0.000000,2050899=0.000000"
3011800,simple,ARAME RECOZIDO 18 (1.25mm) RL 1kg,0.0000,1,10.000.000,0,1,0.0000,0,,,,,,,
3011835,simple,ARAME RECOZIDO 18 (1.25mm) RL 35kg,0.0000,1,10.000.000,0,1,0.0000,0,,,,,,,
301,grouped,Arame Recozido,0.0000,1,10.000.000,0,1,0.0000,0,,,,,,,"3011400=0.000000,3011800=0.000000,3011835=0.000000"
3021000,simple,ARAME GALV 10 (3.40mm),0.0000,1,10.000.000,0,1,0.0000,0,,,,,,,
3021200,simple,ARAME GALV 12 (2.76mm),0.0000,1,10.000.000,0,1,0.0000,0,,,,,,,
3021400,simple,ARAME GALV 14 (2.10mm),0.0000,1,10.000.000,0,1,0.0000,0,,,,,,,
3021600,simple,ARAME GALV 16 (1.65mm),0.0000,1,10.000.000,0,1,0.0000,0,,,,,,,
3021800,simple,ARAME GALV 18 (1.24mm),0.0000,1,10.000.000,0,1,0.0000,0,,,,,,,
302,grouped,Arame Galvanizado,0.0000,1,10.000.000,0,1,0.0000,0,,,,,,,"3021000=0.000000,3021200=0.000000,3021400=0.000000,3021600=0.000000,3021800=0.000000"
3031625,simple,ARAME FARPADO GIR (1.60mm) 250m,0.0000,1,10.000.000,0,1,0.0000,0,,,,,,,
3031650,simple,ARAME FARPADO GIR (1.60mm) 500m,0.0000,1,10.000.000,0,1,0.0000,0,,,,,,,
303,grouped,Arame Farpado Gir,0.0000,1,10.000.000,0,1,0.0000,0,,,,,,,"3031625=0.000000,3031650=0.000000"
3031825,simple,ARAME FARPADO TOURO (1.60mm) 250m,0.0000,1,10.000.000,0,1,0.0000,0,,,,,,,
3031850,simple,ARAME FARPADO TOURO (1.60mm) 500m,0.0000,1,10.000.000,0,1,0.0000,0,,,,,,,
3031,grouped,Arame Farpado Touro,0.0000,1,10.000.000,0,1,0.0000,0,,,,,,,"3031850=0.000000,3031825=0.000000"
3031950,simple,ARAME FARPADO MOTTO (1.60mm) 500m,0.0000,1,10.000.000,0,1,0.0000,0,,,,,,,
30319,grouped,Arame Farpado Motto,0.0000,1,10.000.000,0,1,0.0000,0,,,,,,,3031950=0.000000
15010875,simple,PREGO C/ CAB 3 x 8 (76.20x4.19mm),0.0000,1,10.000.000,0,1,0.0000,0,,,,,,,
15010975,simple,PREGO C/ CAB 3 x 9 (76.20x3.76mm),0.0000,1,10.000.000,0,1,0.0000,0,,,,,,,
15011063,simple,PREGO C/ CAB 2.1/2 x 10 (63.50x3.40mm),0.0000,1,10.000.000,0,1,0.0000,0,,,,,,,
15015127,simple,PREGO C/ CAB 5 x 5 (127.00x5.59mm),0.0000,1,10.000.000,0,1,0.0000,0,,,,,,,
15011250,simple,PREGO C/ CAB 2 x 12 (50.80x2.77mm),0.0000,1,10.000.000,0,1,0.0000,0,,,,,,,
15011263,simple,PREGO C/ CAB 2.1/2 x 12 (63.50x2.77mm),0.0000,1,10.000.000,0,1,0.0000,0,,,,,,,
15011431,simple,PREGO C/ CAB 1.1/4 x 14 (31.75x2.11mm),0.0000,1,10.000.000,0,1,0.0000,0,,,,,,,
15011438,simple,PREGO C/ CAB 1.1/2 x 14 (38.10x2.11mm),0.0000,1,10.000.000,0,1,0.0000,0,,,,,,,
15011338,simple,PREGO C/ CAB 1.1/2 x 13 (38.10x2.41mm),0.0000,1,10.000.000,0,1,0.0000,0,,,,,,,
1501,grouped,Prego com Cabeça,0.0000,1,10.000.000,0,1,0.0000,0,,,,,,,"15010875=0.000000,15010975=0.000000,15011063=0.000000,15015127=0.000000,15011250=0.000000,15011263=0.000000,15011431=0.000000,15011438=0.000000,15011338=0.000000"
15011399,simple,PREGO TELH 2.1/2 x 10 (63.50x3.40mm),0.0000,1,10.000.000,0,1,0.0000,0,,,,,,,
150113,grouped,Prego Telheiro,0.0000,1,10.000.000,0,1,0.0000,0,,,,,,,15011399=0.000000
15011025,simple,PREGO S/ CAB 1 x 17 (25.40x1.47mm),0.0000,1,10.000.000,0,1,0.0000,0,,,,,,,
15011538,simple,PREGO S/ CAB 1.1/2 x 15 (38.10x1.83mm),0.0000,1,10.000.000,0,1,0.0000,0,,,,,,,
15011,grouped,Prego sem Cabeça,0.0000,1,10.000.000,0,1,0.0000,0,,,,,,,"15011025=0.000000,15011251=0.000000,15011538=0.000000"
4010635,simple,BARRA RED 1/4 (6.3mm),0.0000,1,10.000.000,0,1,0.0000,0,,,,,,,
4010800,simple,BARRA RED 5/16 (8.0mm),0.0000,1,10.000.000,0,1,0.0000,0,,,,,,,
4011000,simple,BARRA RED 3/8 (10.0mm),0.0000,1,10.000.000,0,1,0.0000,0,,,,,,,
4011200,simple,BARRA RED SERRALHEIRO (12.0mm),0.0000,1,10.000.000,0,1,0.0000,0,,,,,,,
4011250,simple,BARRA RED 1/2 (12.5mm),0.0000,1,10.000.000,0,1,0.0000,0,,,,,,,
4011600,simple,BARRA RED 5/8 (16.0mm),0.0000,1,10.000.000,0,1,0.0000,0,,,,,,,
4012000,simple,BARRA RED 3/4 (20.0mm),0.0000,1,10.000.000,0,1,0.0000,0,,,,,,,
4012222,simple,BARRA RED 7/8 (22.22mm),0.0000,1,10.000.000,0,1,0.0000,0,,,,,,,
4012500,simple,BARRA RED 1 (25.0mm),0.0000,1,10.000.000,0,1,0.0000,0,,,,,,,
401,grouped,Barra Redonda A36,0.0000,1,10.000.000,0,1,0.0000,0,,,,,,,"4010635=0.000000,4010800=0.000000,4011000=0.000000,4011200=0.000000,4011250=0.000000,4011600=0.000000,4012000=0.000000,4012222=0.000000,4012500=0.000000"
5010212,simple,BARRA CH 1/2 SERRALHEIRO (12.70 x 2.50mm),0.0000,1,10.000.000,0,1,0.0000,0,,,,,,,
5010309,simple,BARRA CH 3/8 x 1/8 (9.52 x 3.18mm),0.0000,1,10.000.000,0,1,0.0000,0,,,,,,,
5010312,simple,BARRA CH 1/2 x 1/8 (12.70 x 3.18mm),0.0000,1,10.000.000,0,1,0.0000,0,,,,,,,
5010315,simple,BARRA CH 5/8 x 1/8 (15.88 x 3.18mm),0.0000,1,10.000.000,0,1,0.0000,0,,,,,,,
5010319,simple,BARRA CH 3/4 x 1/8 (19.05 x 3.18mm),0.0000,1,10.000.000,0,1,0.0000,0,,,,,,,
5010322,simple,BARRA CH 7/8 x 1/8 (22.23 x 3.18mm),0.0000,1,10.000.000,0,1,0.0000,0,,,,,,,
5010325,simple,BARRA CH 1 x 1/8 (25.40 x 3.18mm),0.0000,1,10.000.000,0,1,0.0000,0,,,,,,,
5010331,simple,BARRA CH 1.1/4 x 1/8 (31.75 x 3.18mm),0.0000,1,10.000.000,0,1,0.0000,0,,,,,,,
5010338,simple,BARRA CH 1.1/2 x 1/8 (38.1 x 3.18mm),0.0000,1,10.000.000,0,1,0.0000,0,,,,,,,
5010350,simple,BARRA CH 2 x 1/8 (50.8 x 3.18mm),0.0000,1,10.000.000,0,1,0.0000,0,,,,,,,
5010412,simple,BARRA CH 1/2 x 3/16 (12.70 x 4.76mm),0.0000,1,10.000.000,0,1,0.0000,0,,,,,,,
5010415,simple,BARRA CH 5/8 x 3/16 (15.88 x 4.76mm),0.0000,1,10.000.000,0,1,0.0000,0,,,,,,,
5010419,simple,BARRA CH 3/4 x 3/16 (19.05 x 4.76mm),0.0000,1,10.000.000,0,1,0.0000,0,,,,,,,
5010422,simple,BARRA CH 7/8 x 3/16 (22.23 x 4.76mm),0.0000,1,10.000.000,0,1,0.0000,0,,,,,,,
5010425,simple,BARRA CH 1 x 3/16 (25.04 x 4.76mm),0.0000,1,10.000.000,0,1,0.0000,0,,,,,,,
5010431,simple,BARRA CH 1.1/4 x 3/16 (31.75 x 4.76mm),0.0000,1,10.000.000,0,1,0.0000,0,,,,,,,
5010438,simple,BARRA CH 1.1/2 x 3/16 (38.10 x 4.76mm),0.0000,1,10.000.000,0,1,0.0000,0,,,,,,,
5010450,simple,BARRA CH 2 x 3/16 (50.80 x 4.76mm),0.0000,1,10.000.000,0,1,0.0000,0,,,,,,,
5010612,simple,BARRA CH 1/2 x 1/4 (12.70 x 6.35mm),0.0000,1,10.000.000,0,1,0.0000,0,,,,,,,
5010615,simple,BARRA CH 5/8 x 1/4 (15.88 x 6.35mm),0.0000,1,10.000.000,0,1,0.0000,0,,,,,,,
5010619,simple,BARRA CH 3/4 x 1/4 (19.05 x 6.35mm),0.0000,1,10.000.000,0,1,0.0000,0,,,,,,,
5010622,simple,BARRA CH 7/8 x 1/4 (22.23 x 6.35mm),0.0000,1,10.000.000,0,1,0.0000,0,,,,,,,
5010625,simple,BARRA CH 1 x 1/4 (25.40 x 6.35mm),0.0000,1,10.000.000,0,1,0.0000,0,,,,,,,
5010631,simple,BARRA CH 1.1/4 x 1/4 (31.75 x 6.35mm),0.0000,1,10.000.000,0,1,0.0000,0,,,,,,,
5010638,simple,BARRA CH 1.1/2 x 1/4 (38.10 x 6.35mm),0.0000,1,10.000.000,0,1,0.0000,0,,,,,,,
5010650,simple,BARRA CH 2 x 1/4 (50.80 x 06.35mm),0.0000,1,10.000.000,0,1,0.0000,0,,,,,,,
5010663,simple,BARRA CH 2.1/2 x 1/4 (63.50 x 6.35mm),0.0000,1,10.000.000,0,1,0.0000,0,,,,,,,
5010676,simple,BARRA CH 3 x 1/4 (76.20 x 6.35mm),0.0000,1,10.000.000,0,1,0.0000,0,,,,,,,
5010699,simple,BARRA CH 4 x 1/4 (101.60 x 6.35mm),0.0000,1,10.000.000,0,1,0.0000,0,,,,,,,
5010725,simple,BARRA CH 1 x 5/16 (25.04 x 7.94mm),0.0000,1,10.000.000,0,1,0.0000,0,,,,,,,
5010738,simple,BARRA CH 1.1/2 x 5/16 (38.10 x 7.94mm),0.0000,1,10.000.000,0,1,0.0000,0,,,,,,,
5010750,simple,BARRA CH 2 x 5/16 (50.80 x 7.94mm),0.0000,1,10.000.000,0,1,0.0000,0,,,,,,,
5010763,simple,BARRA CH 2.1/2 x 5/16 (63.50 x 7.94mm),0.0000,1,10.000.000,0,1,0.0000,0,,,,,,,
5010776,simple,BARRA CH 3 x 5/16 (76.20 x 7.94mm),0.0000,1,10.000.000,0,1,0.0000,0,,,,,,,
5010799,simple,BARRA CH 4 x 5/16 (101.60 x 7.94mm),0.0000,1,10.000.000,0,1,0.0000,0,,,,,,,
5010925,simple,BARRA CH 1 x 3/8 (25.40 x 9.52mm),0.0000,1,10.000.000,0,1,0.0000,0,,,,,,,
5010938,simple,BARRA CH 1.1/2 x 3/8 (38.10 x 9.52mm),0.0000,1,10.000.000,0,1,0.0000,0,,,,,,,
5010950,simple,BARRA CH 2 x 3/8 (50.80 x 9.52mm),0.0000,1,10.000.000,0,1,0.0000,0,,,,,,,
5010963,simple,BARRA CH 2.1/2 x 3/8 (63.50 x 09.52mm),0.0000,1,10.000.000,0,1,0.0000,0,,,,,,,
5010976,simple,BARRA CH 3 x 3/8 (76.20 x 09.52mm),0.0000,1,10.000.000,0,1,0.0000,0,,,,,,,
5010999,simple,BARRA CH 4 x 3/8 (101.60 x 9.52mm),0.0000,1,10.000.000,0,1,0.0000,0,,,,,,,
5011238,simple,BARRA CH 1.1/2 x 1/2 (12.70 x 38.10mm),0.0000,1,10.000.000,0,1,0.0000,0,,,,,,,
5011250,simple,BARRA CH 2 x 1/2 (50.80 x 12.70mm),0.0000,1,10.000.000,0,1,0.0000,0,,,,,,,
5011263,simple,BARRA CH 2.1/2 x 1/2 (12.70 x 63.50mm),0.0000,1,10.000.000,0,1,0.0000,0,,,,,,,
5011276,simple,BARRA CH 3 x 1/2 (76.20 x 12.70mm),0.0000,1,10.000.000,0,1,0.0000,0,,,,,,,
5011299,simple,BARRA CH 4 x 1/2 (101.60 x 12.70mm),0.0000,1,10.000.000,0,1,0.0000,0,,,,,,,
5011538,simple,BARRA CH 1.1/2 x 5/8 (38.10 x 15.88mm),0.0000,1,10.000.000,0,1,0.0000,0,,,,,,,
5011550,simple,BARRA CH 2 x 5/8 (50.80 x 15.88mm),0.0000,1,10.000.000,0,1,0.0000,0,,,,,,,
5011563,simple,BARRA CH 2.1/2 x 5/8 (63.50 x 15.88mm),0.0000,1,10.000.000,0,1,0.0000,0,,,,,,,
501,grouped,Barra Chata ,0.0000,1,10.000.000,0,1,0.0000,0,,,,,,,"5010212=0.000000,5010309=0.000000,5010312=0.000000,5010315=0.000000,5010319=0.000000,5010322=0.000000,5010325=0.000000,5010331=0.000000,5010338=0.000000,5010350=0.000000,5010412=0.000000,5010415=0.000000,5010419=0.000000,5010422=0.000000,5010425=0.000000,5010431=0.000000,5010438=0.000000,5010450=0.000000,5010612=0.000000,5010615=0.000000,5010619=0.000000,5010622=0.000000,5010625=0.000000,5010631=0.000000,5010638=0.000000,5010650=0.000000,5010663=0.000000,5010676=0.000000,5010699=0.000000,5010725=0.000000,5010738=0.000000,5010750=0.000000,5010763=0.000000,5010776=0.000000,5010799=0.000000,5010925=0.000000,5010938=0.000000,5010950=0.000000,5010963=0.000000,5010976=0.000000,5010999=0.000000,5011238=0.000000,5011250=0.000000,5011263=0.000000,5011276=0.000000,5011299=0.000000,5011538=0.000000,5011550=0.000000,5011563=0.000000"
5020215,simple,CANTONEIRA 5/8 SERRALHEIRO (15.88 x 2.5mm),0.0000,1,10.000.000,0,1,0.0000,0,,,,,,,
5020219,simple,CANTONEIRA 3/4 SERRALHEIRO (19.05 x 2.5mm),0.0000,1,10.000.000,0,1,0.0000,0,,,,,,,
5020312,simple,CANTONEIRA 1/2 x 1/8 (12.70 x 3.18mm),0.0000,1,10.000.000,0,1,0.0000,0,,,,,,,
5020315,simple,CANTONEIRA 5/8 x 1/8 (15.88 x 3.18mm),0.0000,1,10.000.000,0,1,0.0000,0,,,,,,,
5020319,simple,CANTONEIRA 3/4 x 1/8 (19.05 x 3.18mm),0.0000,1,10.000.000,0,1,0.0000,0,,,,,,,
5020322,simple,CANTONEIRA 7/8 x 1/8 (22.20 x 3.18mm),0.0000,1,10.000.000,0,1,0.0000,0,,,,,,,
5020325,simple,CANTONEIRA 1 x 1/8 (25.4 x 3.18mm),0.0000,1,10.000.000,0,1,0.0000,0,,,,,,,
5020331,simple,CANTONEIRA 1.1/4 x 1/8 (31.75 x 3.18mm),0.0000,1,10.000.000,0,1,0.0000,0,,,,,,,
5020338,simple,CANTONEIRA 1.1/2 x 1/8 (38.10 x 3.18mm),0.0000,1,10.000.000,0,1,0.0000,0,,,,,,,
5020344,simple,CANTONEIRA 1.3/4 x 1/8 (44.45 x 3.18mm),0.0000,1,10.000.000,0,1,0.0000,0,,,,,,,
5020350,simple,CANTONEIRA 2 x 1/8 (50.80 x 3.18mm),0.0000,1,10.000.000,0,1,0.0000,0,,,,,,,
5020425,simple,CANTONEIRA 1 x 3/16 (25.40 x 4.76mm),0.0000,1,10.000.000,0,1,0.0000,0,,,,,,,
5020431,simple,CANTONEIRA 1.1/4 x 3/16 (31.75 x 4.76mm),0.0000,1,10.000.000,0,1,0.0000,0,,,,,,,
5020438,simple,CANTONEIRA 1.1/2 x 3/16 (38.10 x 4.76mm),0.0000,1,10.000.000,0,1,0.0000,0,,,,,,,
5020444,simple,CANTONEIRA 1.3/4 x 3/16 (44.45 x 4.76mm),0.0000,1,10.000.000,0,1,0.0000,0,,,,,,,
5020450,simple,CANTONEIRA 2 x 3/16 (50.80 x 4.76mm),0.0000,1,10.000.000,0,1,0.0000,0,,,,,,,
5020463,simple,CANTONEIRA 2.1/2 x 3/16 (63.5 x 4.76mm),0.0000,1,10.000.000,0,1,0.0000,0,,,,,,,
5020476,simple,CANTONEIRA 3 x 3/16 (76.20 x 4.76mm),0.0000,1,10.000.000,0,1,0.0000,0,,,,,,,
5020625,simple,CANTONEIRA 1 x 1/4 (25.4 x 6.35mm),0.0000,1,10.000.000,0,1,0.0000,0,,,,,,,
5020631,simple,CANTONEIRA 1.1/4 x 1/4 (31.75 x 6.35mm),0.0000,1,10.000.000,0,1,0.0000,0,,,,,,,
5020638,simple,CANTONEIRA 1.1/2 x 1/4 (38.10 x 6.35mm),0.0000,1,10.000.000,0,1,0.0000,0,,,,,,,
5020644,simple,CANTONEIRA 1.3/4 x 1/4 (44.45 x 6.35mm),0.0000,1,10.000.000,0,1,0.0000,0,,,,,,,
5020650,simple,CANTONEIRA 2 x 1/4 (50.80 x 6.35mm),0.0000,1,10.000.000,0,1,0.0000,0,,,,,,,
5020663,simple,CANTONEIRA 2.1/2 x 1/4 (63.50 x 6.35mm),0.0000,1,10.000.000,0,1,0.0000,0,,,,,,,
5020676,simple,CANTONEIRA 3 x 1/4 (76.20 x 6.35mm),0.0000,1,10.000.000,0,1,0.0000,0,,,,,,,
5020699,simple,CANTONEIRA 4 x 1/4 (101.60 x 6.35mm),0.0000,1,10.000.000,0,1,0.0000,0,,,,,,,
5020750,simple,CANTONEIRA 2 x 5/16 (50.80 x 7.94mm),0.0000,1,10.000.000,0,1,0.0000,0,,,,,,,
5020763,simple,CANTONEIRA 2.1/2 x 5/16 (63.50 x 7.94mm),0.0000,1,10.000.000,0,1,0.0000,0,,,,,,,
5020776,simple,CANTONEIRA 3 x 5/16 (76.20 x 7.94mm),0.0000,1,10.000.000,0,1,0.0000,0,,,,,,,
5020799,simple,CANTONEIRA 4 x 5/16 (101.60 x 7.94mm),0.0000,1,10.000.000,0,1,0.0000,0,,,,,,,
5020963,simple,CANTONEIRA 2.1/2 x 3/8 (63.50 x 9.52mm),0.0000,1,10.000.000,0,1,0.0000,0,,,,,,,
5020976,simple,CANTONEIRA 3 x 3/8 (76.20 x 9.52mm),0.0000,1,10.000.000,0,1,0.0000,0,,,,,,,
5020999,simple,CANTONEIRA 4 x 3/8 (101.60 x 9.52mm),0.0000,1,10.000.000,0,1,0.0000,0,,,,,,,
5021276,simple,CANTONEIRA 3 x 1/2 (76.20 x 12.70mm),0.0000,1,10.000.000,0,1,0.0000,0,,,,,,,
5021299,simple,CANTONEIRA 4 x 1/2 (101.6 x 12.70mm),0.0000,1,10.000.000,0,1,0.0000,0,,,,,,,
5021599,simple,CANTONEIRA 4 x 5/8 (101.60 x 15.88mm),0.0000,1,10.000.000,0,1,0.0000,0,,,,,,,
502,grouped,Cantoneira ,0.0000,1,10.000.000,0,1,0.0000,0,,,,,,,"5020215=0.000000,5020219=0.000000,5020312=0.000000,5020315=0.000000,5020319=0.000000,5020322=0.000000,5020325=0.000000,5020331=0.000000,5020338=0.000000,5020344=0.000000,5020350=0.000000,5020425=0.000000,5020431=0.000000,5020438=0.000000,5020444=0.000000,5020450=0.000000,5020463=0.000000,5020476=0.000000,5020625=0.000000,5020631=0.000000,5020638=0.000000,5020644=0.000000,5020650=0.000000,5020663=0.000000,5020676=0.000000,5020699=0.000000,5020750=0.000000,5020763=0.000000,5020776=0.000000,5020799=0.000000,5020963=0.000000,5020976=0.000000,5020999=0.000000,5021276=0.000000,5021299=0.000000,5021599=0.000000"
5031000,simple,BARRA QUADRADA 3/8 (09.54mm),0.0000,1,10.000.000,0,1,0.0000,0,,,,,,,
5031250,simple,BARRA QUADRADA 1/2 (12.70mm),0.0000,1,10.000.000,0,1,0.0000,0,,,,,,,
5031600,simple,BARRA QUADRADA 5/8 (15.88mm),0.0000,1,10.000.000,0,1,0.0000,0,,,,,,,
5032000,simple,BARRA QUADRADA 3/4 (19.05mm),0.0000,1,10.000.000,0,1,0.0000,0,,,,,,,
5032500,simple,BARRA QUADRADA 1 (25.40mm),0.0000,1,10.000.000,0,1,0.0000,0,,,,,,,
503,grouped,Barra Quadrada A36,0.0000,1,10.000.000,0,1,0.0000,0,,,,,,,"5031000=0.000000,5031250=0.000000,5031600=0.000000,5032000=0.000000,5032500=0.000000"
5040315,simple,PERFIL T 5/8 x 1/8 (15.88 x 3.18mm),0.0000,1,10.000.000,0,1,0.0000,0,,,,,,,
5040319,simple,PERFIL T 3/4 x 1/8 (19.05 x 3.18mm),0.0000,1,10.000.000,0,1,0.0000,0,,,,,,,
5040322,simple,PERFIL T 7/8 x 1/8 (22.23 x 3.18mm),0.0000,1,10.000.000,0,1,0.0000,0,,,,,,,
5040325,simple,PERFIL T 1 x 1/8 (25.40 x 3.18mm),0.0000,1,10.000.000,0,1,0.0000,0,,,,,,,
5040338,simple,PERFIL T 1.1/2 x 1/8 (38.10 x 3.18mm),0.0000,1,10.000.000,0,1,0.0000,0,,,,,,,
5040431,simple,PERFIL T 1.1/4 x 3/16 (31.75 x 4.76mm),0.0000,1,10.000.000,0,1,0.0000,0,,,,,,,
5040438,simple,PERFIL T 1.1/2 x 3/16 (38.10 x 4.76mm),0.0000,1,10.000.000,0,1,0.0000,0,,,,,,,
5040450,simple,PERFIL T 2 x 3/16 (25.4 x 4.76mm),0.0000,1,10.000.000,0,1,0.0000,0,,,,,,,
5040650,simple,PERFIL T 2 x 1/4 (25.4 x 6.35mm),0.0000,1,10.000.000,0,1,0.0000,0,,,,,,,
504,grouped,Perfil T ,0.0000,1,10.000.000,0,1,0.0000,0,,,,,,,"5040315=0.000000,5040319=0.000000,5040322=0.000000,5040325=0.000000,5040338=0.000000,5040431=0.000000,5040438=0.000000,5040450=0.000000,5040650=0.000000"
6010635,simple,BARRA RED TREF 1/4 (6.35mm) 1020,0.0000,1,10.000.000,0,1,0.0000,0,,,,,,,
6010794,simple,BARRA RED TREF 5/16 (7.94mm) 1020,0.0000,1,10.000.000,0,1,0.0000,0,,,,,,,
6010952,simple,BARRA RED TREF 3/8 (9.52mm) 1020,0.0000,1,10.000.000,0,1,0.0000,0,,,,,,,
6011270,simple,BARRA RED TREF 1/2 (12.70mm) 1020,0.0000,1,10.000.000,0,1,0.0000,0,,,,,,,
6011588,simple,BARRA RED TREF 5/8 (15.88mm) 1020,0.0000,1,10.000.000,0,1,0.0000,0,,,,,,,
6011905,simple,BARRA RED TREF 3/4 (19.05mm) 1020,0.0000,1,10.000.000,0,1,0.0000,0,,,,,,,
6012222,simple,BARRA RED TREF 7/8 (22.22mm) 1020,0.0000,1,10.000.000,0,1,0.0000,0,,,,,,,
6012540,simple,BARRA RED TREF 1 (25.40mm) 1020,0.0000,1,10.000.000,0,1,0.0000,0,,,,,,,
6012857,simple,BARRA RED TREF 1.1/8 (28.58mm) 1020,0.0000,1,10.000.000,0,1,0.0000,0,,,,,,,
6013175,simple,BARRA RED TREF 1.1/4 (31.75mm) 1020,0.0000,1,10.000.000,0,1,0.0000,0,,,,,,,
6013810,simple,BARRA RED TREF 1.1/2 (38.10mm) 1020,0.0000,1,10.000.000,0,1,0.0000,0,,,,,,,
6014445,simple,BARRA RED TREF 1.3/4 (44.45mm) 1020,0.0000,1,10.000.000,0,1,0.0000,0,,,,,,,
6015080,simple,BARRA RED TREF 2 (50.80mm) 1020,0.0000,1,10.000.000,0,1,0.0000,0,,,,,,,
6016350,simple,BARRA RED TREF 2.1/2 (63.50mm) 1020,0.0000,1,10.000.000,0,1,0.0000,0,,,,,,,
6017620,simple,BARRA RED TREF 3 (76.20mm) 1020,0.0000,1,10.000.000,0,1,0.0000,0,,,,,,,
601,grouped,Barra Redonda Trefilada - Aço 1020,0.0000,1,10.000.000,0,1,0.0000,0,,,,,,,"6010635=0.000000,6010794=0.000000,6010952=0.000000,6011270=0.000000,6011588=0.000000,6011905=0.000000,6012222=0.000000,6012540=0.000000,6012857=0.000000,6013175=0.000000,6013810=0.000000,6014445=0.000000,6015080=0.000000,6016350=0.000000,6017620=0.000000"
6021270,simple,BARRA RED TREF 1/2 (12.70mm) 1045,0.0000,1,10.000.000,0,1,0.0000,0,,,,,,,
6021555,simple,BARRA RED TREF 5/8 (15.88mm) 1045,0.0000,1,10.000.000,0,1,0.0000,0,,,,,,,
6021905,simple,BARRA RED TREF 3/4 (19.05mm) 1045,0.0000,1,10.000.000,0,1,0.0000,0,,,,,,,
6022222,simple,BARRA RED TREF 7/8 (22.22mm) 1045,0.0000,1,10.000.000,0,1,0.0000,0,,,,,,,
6022540,simple,BARRA RED TREF 1 (25.40mm) 1045,0.0000,1,10.000.000,0,1,0.0000,0,,,,,,,
6022857,simple,BARRA RED TREF 1.1/8 (28.58mm) 1045,0.0000,1,10.000.000,0,1,0.0000,0,,,,,,,
6023175,simple,BARRA RED TREF 1.1/4 (31.75mm) 1045,0.0000,1,10.000.000,0,1,0.0000,0,,,,,,,
6023810,simple,BARRA RED TREF 1.1/2 (38.10mm) 1045,0.0000,1,10.000.000,0,1,0.0000,0,,,,,,,
6024445,simple,BARRA RED TREF 1.3/4 (44.45mm) 1045,0.0000,1,10.000.000,0,1,0.0000,0,,,,,,,
6025080,simple,BARRA RED TREF 2 (50.80mm) 1045,0.0000,1,10.000.000,0,1,0.0000,0,,,,,,,
6026350,simple,BARRA RED TREF 2.1/2 (63.50mm) 1045,0.0000,1,10.000.000,0,1,0.0000,0,,,,,,,
6027620,simple,BARRA RED TREF 3 (76.20mm) 1045,0.0000,1,10.000.000,0,1,0.0000,0,,,,,,,
602,grouped,Barra Redonda Trefilada - Aço 1045,0.0000,1,10.000.000,0,1,0.0000,0,,,,,,,"6021270=0.000000,6021555=0.000000,6021905=0.000000,6022222=0.000000,6022540=0.000000,6022857=0.000000,6023175=0.000000,6023810=0.000000,6024445=0.000000,6025080=0.000000,6026350=0.000000,6027620=0.000000"
6043175,simple,BARRA REDONDA 1.1/4 (31.75mm) 1045,0.0000,1,10.000.000,0,1,0.0000,0,,,,,,,
6045398,simple,BARRA REDONDA 2.1/8 (53.98mm) 1045,0.0000,1,10.000.000,0,1,0.0000,0,,,,,,,
604,grouped,Barra Redonda AÇO 1045,0.0000,1,10.000.000,0,1,0.0000,0,,,,,,,"6043175=0.000000,6045398=0.000000"
7010304,simple,VIGA U 3 (76.2 x 4.32mm) 1 ALMA,0.0000,1,10.000.000,0,1,0.0000,0,,,,,,,
7010405,simple,VIGA U 4 (101.6 x 4.67mm) 1 ALMA,0.0000,1,10.000.000,0,1,0.0000,0,,,,,,,
7010605,simple,VIGA U 6 (152.4 x 5.10mm) 1 ALMA,0.0000,1,10.000.000,0,1,0.0000,0,,,,,,,
7010679,simple,VIGA U 6 (152.4 X 7.98MM) 2 ALMA,0.0000,1,10.000.000,0,1,0.0000,0,,,,,,,
701,grouped,Viga U,0.0000,1,10.000.000,0,1,0.0000,0,,,,,,,"7010304=0.000000,7010405=0.000000,7010605=0.000000,7010679=0.000000"
7020304,simple,VIGA I 3 (76.2 x 4.32mm) 1 ALMA,0.0000,1,10.000.000,0,1,0.0000,0,,,,,,,
7020405,simple,VIGA I 4 (101.6 x 4.90mm) 1 ALMA,0.0000,1,10.000.000,0,1,0.0000,0,,,,,,,
7020464,simple,VIGA I 4 (101.6 x 6.43mm) 2 ALMA,0.0000,1,10.000.000,0,1,0.0000,0,,,,,,,
7020505,simple,VIGA I 5 (127 x 5.43mm) 1 ALMA,0.0000,1,10.000.000,0,1,0.0000,0,,,,,,,
7020606,simple,VIGA I 6 (152.4 x 5.89mm) 1 ALMA,0.0000,1,10.000.000,0,1,0.0000,0,,,,,,,
7020687,simple,VIGA I 6 (152.4 x 8.71mm) 2 ALMA,0.0000,1,10.000.000,0,1,0.0000,0,,,,,,,
702,grouped,Viga I,0.0000,1,10.000.000,0,1,0.0000,0,,,,,,,"7020304=0.000000,7020405=0.000000,7020464=0.000000,7020505=0.000000,7020606=0.000000,7020687=0.000000"
7031513,simple,PERFIL W ESTR 150 x 13.0 (148x100x4.3mm),0.0000,1,10.000.000,0,1,0.0000,0,,,,,,,
7031518,simple,PERFIL W ESTR 150 x 18.0 (153x102x5.8mm),0.0000,1,10.000.000,0,1,0.0000,0,,,,,,,
7032015,simple,PERFIL W ESTR 200 x 15.0 (200x100x4.3mm),0.0000,1,10.000.000,0,1,0.0000,0,,,,,,,
7032022,simple,PERFIL W ESTR 200 x 22.5 (206x102x6.2mm),0.0000,1,10.000.000,0,1,0.0000,0,,,,,,,
7032026,simple,PERFIL W ESTR 200 x 26.6 (207x133x5.8mm),0.0000,1,10.000.000,0,1,0.0000,0,,,,,,,
7032525,simple,PERFIL W ESTR 250 x 25.3 (257x102x6.1mm),0.0000,1,10.000.000,0,1,0.0000,0,,,,,,,
7032532,simple,PERFIL W ESTR 250 x 32.7 (258x146x6.1mm),0.0000,1,10.000.000,0,1,0.0000,0,,,,,,,
7033123,simple,PERFIL W ESTR 310 x 23.8 (305x101x5.6mm),0.0000,1,10.000.000,0,1,0.0000,0,,,,,,,
7033132,simple,PERFIL W ESTR 310 x 32.7 (313x102x6.6mm),0.0000,1,10.000.000,0,1,0.0000,0,,,,,,,
703,grouped,Perfil W Estrutural (I/H),0.0000,1,10.000.000,0,1,0.0000,0,,,,,,,"7031513=0.000000,7031518=0.000000,7032015=0.000000,7032022=0.000000,7032026=0.000000,7032525=0.000000,7032532=0.000000,7032538=0.000000,7033123=0.000000,7033132=0.000000"
8011200,simple,CHAPA PRETA (LQ) N 12 (2.65mm) 2 x 1,0.0000,1,10.000.000,0,1,0.0000,0,,,,,,,
8011202,simple,CHAPA PRETA (LQ) N 12 (2.65mm) 3 x 1.20,0.0000,1,10.000.000,0,1,0.0000,0,,,,,,,
8011400,simple,CHAPA PRETA (LQ) N 14 (2.00mm) 2 x 1,0.0000,1,10.000.000,0,1,0.0000,0,,,,,,,
8011401,simple,CHAPA PRETA (LQ) N 14 (2.00mm) 2 x 1.20,0.0000,1,10.000.000,0,1,0.0000,0,,,,,,,
8011402,simple,CHAPA PRETA (LQ) N 14 (2.00mm) 3 x 1.20,0.0000,1,10.000.000,0,1,0.0000,0,,,,,,,
8011600,simple,CHAPA PRETA (LQ) N 16 (1.50mm) 2 x 1,0.0000,1,10.000.000,0,1,0.0000,0,,,,,,,
8011601,simple,CHAPA PRETA (LQ) N 16 (1.50mm) 2 x 1.20,0.0000,1,10.000.000,0,1,0.0000,0,,,,,,,
8011605,simple,CHAPA PRETA (LQ) N 16 (1.50mm) 3 x 1.20,0.0000,1,10.000.000,0,1,0.0000,0,,,,,,,
8011800,simple,CHAPA PRETA (LQ) N 18 (1.20mm) 2 x 1,0.0000,1,10.000.000,0,1,0.0000,0,,,,,,,
8011801,simple,CHAPA PRETA (LQ) N 18 (1.20mm) 2 x 1.20,0.0000,1,10.000.000,0,1,0.0000,0,,,,,,,
8011802,simple,CHAPA PRETA (LQ) N 18 (1.20mm) 3 x 1.20,0.0000,1,10.000.000,0,1,0.0000,0,,,,,,,
8011803,simple,CHAPA PRETA (LQ) N 18 (1.20MM) 3 X 1,0.0000,1,10.000.000,0,1,0.0000,0,,,,,,,
8012000,simple,CHAPA PRETA (LQ) N 20 (0.90mm) 2 x 1,0.0000,1,10.000.000,0,1,0.0000,0,,,,,,,
8012001,simple,CHAPA PRETA (LQ) N 20 (0.90mm) 2 x 1.20,0.0000,1,10.000.000,0,1,0.0000,0,,,,,,,
8012200,simple,CHAPA PRETA (LQ) N 22 (0.75mm) 2 x 1,0.0000,1,10.000.000,0,1,0.0000,0,,,,,,,
8011,grouped,Chapa Fina,0.0000,1,10.000.000,0,1,0.0000,0,,,,,,,"8011200=0.000000,8011202=0.000000,8011400=0.000000,8011401=0.000000,8011402=0.000000,8011600=0.000000,8011601=0.000000,8011605=0.000000,8011800=0.000000,8011801=0.000000,8011802=0.000000,8011803=0.000000,8012000=0.000000,8012001=0.000000,8012200=0.000000"
8020318,simple,CHAPA GROSSA (LQ) 1/8 (3.00mm) 2 x 1,0.0000,1,10.000.000,0,1,0.0000,0,,,,,,,
8020319,simple,CHAPA GROSSA (LQ) 1/8 (3.00mm) 2 x 1.20,0.0000,1,10.000.000,0,1,0.0000,0,,,,,,,
8020320,simple,CHAPA GROSSA (LQ) 1/8 (3.00mm) 3 x 1.20,0.0000,1,10.000.000,0,1,0.0000,0,,,,,,,
8020321,simple,CHAPA GROSSA (LQ) 1/8 (3.00mm) 3 x 1.50,0.0000,1,10.000.000,0,1,0.0000,0,,,,,,,
8020476,simple,CHAPA GROSSA (LQ) 3/16 (4.75mm) 2 x 1,0.0000,1,10.000.000,0,1,0.0000,0,,,,,,,
8020477,simple,CHAPA GROSSA (LQ) 3/16 (4.75mm) 2 x 1.20,0.0000,1,10.000.000,0,1,0.0000,0,,,,,,,
8020478,simple,CHAPA GROSSA (LQ) (4.75mm) 3 x 1.20,0.0000,1,10.000.000,0,1,0.0000,0,,,,,,,
8020480,simple,CHAPA GROSSA (LQ) 3/16 (4.75mm) 3 x 1.50,0.0000,1,10.000.000,0,1,0.0000,0,,,,,,,
8020635,simple,CHAPA GROSSA (LQ) 1/4 (6.30mm) 2 x 1,0.0000,1,10.000.000,0,1,0.0000,0,,,,,,,
8020636,simple,CHAPA GROSSA (LQ) 1/4 (6.30mm) 2 x 1.20,0.0000,1,10.000.000,0,1,0.0000,0,,,,,,,
8020637,simple,CHAPA GROSSA (LQ) 1/4 (6.30mm) 3 x 1.20,0.0000,1,10.000.000,0,1,0.0000,0,,,,,,,
8020638,simple,CHAPA GROSSA (LQ) 1/4 (6.30MM) 3 X 1.50,0.0000,1,10.000.000,0,1,0.0000,0,,,,,,,
8020794,simple,CHAPA GROSSA (LQ) 5/16 (8.00mm) 2 x 1,0.0000,1,10.000.000,0,1,0.0000,0,,,,,,,
8020795,simple,CHAPA GROSSA (LQ) 5/16 (8.00mm) 2 x 1.20,0.0000,1,10.000.000,0,1,0.0000,0,,,,,,,
8020953,simple,CHAPA GROSSA (LQ) 3/8 (9.50mm) 2 x 1,0.0000,1,10.000.000,0,1,0.0000,0,,,,,,,
8020954,simple,CHAPA GROSSA (LQ) 3/8 (9.50mm) 2 x 1.20,0.0000,1,10.000.000,0,1,0.0000,0,,,,,,,
8021270,simple,CHAPA GROSSA (LQ) 1/2 (12.50mm) 2 x 1,0.0000,1,10.000.000,0,1,0.0000,0,,,,,,,
8021271,simple,CHAPA GROSSA (LQ) 1/2 (12.50mm) 2 x 1.20,0.0000,1,10.000.000,0,1,0.0000,0,,,,,,,
8021587,simple,CHAPA GROSSA (LQ) 5/8 (16.00mm) 2 x 1.20,0.0000,1,10.000.000,0,1,0.0000,0,,,,,,,
802,grouped,Chapa Grossa,0.0000,1,10.000.000,0,1,0.0000,0,,,,,,,"8020318=0.000000,8020319=0.000000,8020320=0.000000,8020321=0.000000,8020476=0.000000,8020477=0.000000,8020478=0.000000,8020480=0.000000,8020635=0.000000,8020636=0.000000,8020637=0.000000,8020638=0.000000,8020794=0.000000,8020795=0.000000,8020953=0.000000,8020954=0.000000,8021270=0.000000,8021271=0.000000,8021587=0.000000"
8031200,simple,CHAPA XADREZ N 12 (2.65mm) 2 x 1.20,0.0000,1,10.000.000,0,1,0.0000,0,,,,,,,
8031203,simple,CHAPA XADREZ N 12 (2.65mm) 3 x 1.20,0.0000,1,10.000.000,0,1,0.0000,0,,,,,,,
8033180,simple,CHAPA XADREZ 1/8 (3.00mm) 2 x 1,0.0000,1,10.000.000,0,1,0.0000,0,,,,,,,
8033181,simple,CHAPA XADREZ 1/8 (3.00mm) 2 x 1.20,0.0000,1,10.000.000,0,1,0.0000,0,,,,,,,
8033184,simple,CHAPA XADREZ 1/8 (3.00mm) 3 x 1.20,0.0000,1,10.000.000,0,1,0.0000,0,,,,,,,
8034760,simple,CHAPA XADREZ 3/16 (4.75mm) 2 x 1.20,0.0000,1,10.000.000,0,1,0.0000,0,,,,,,,
8034761,simple,CHAPA XADREZ 3/16 (4.75mm) 2 x 1,0.0000,1,10.000.000,0,1,0.0000,0,,,,,,,
8034763,simple,CHAPA XADREZ 3/16 (4.75mm) 3 x 1.20,0.0000,1,10.000.000,0,1,0.0000,0,,,,,,,
8036350,simple,CHAPA XADREZ 1/4 (6.30mm) 2 x 1.20,0.0000,1,10.000.000,0,1,0.0000,0,,,,,,,
803,grouped,Chapa Xadrez de Aço,0.0000,1,10.000.000,0,1,0.0000,0,,,,,,,"8031200=0.000000,8031203=0.000000,8033180=0.000000,8033181=0.000000,8033184=0.000000,8034760=0.000000,8034761=0.000000,8034763=0.000000,8036350=0.000000"
9011400,simple,CHAPA GALV N 14 (1.95mm) 2 X 1,0.0000,1,10.000.000,0,1,0.0000,0,,,,,,,
9011401,simple,CHAPA GALV N 14 (1.95mm) 2 X 1.20,0.0000,1,10.000.000,0,1,0.0000,0,,,,,,,
9011402,simple,CHAPA GALV N 14 (1.95mm) 3 X 1.20,0.0000,1,10.000.000,0,1,0.0000,0,,,,,,,
9011600,simple,CHAPA GALV N 16 (1.55mm) 2 X 1,0.0000,1,10.000.000,0,1,0.0000,0,,,,,,,
9011601,simple,CHAPA GALV N 16 (1.55mm) 2 X 1.20,0.0000,1,10.000.000,0,1,0.0000,0,,,,,,,
9011602,simple,CHAPA GALV N 16 (1.55mm) 3 X 1.20,0.0000,1,10.000.000,0,1,0.0000,0,,,,,,,
9011800,simple,CHAPA GALV N 18 (1.25mm) 2 X 1,0.0000,1,10.000.000,0,1,0.0000,0,,,,,,,
9011802,simple,CHAPA GALV N 18 (1.25mm) 2 X 1.20,0.0000,1,10.000.000,0,1,0.0000,0,,,,,,,
9011804,simple,CHAPA GALV N 18 (1.25mm) 3 X 1.20,0.0000,1,10.000.000,0,1,0.0000,0,,,,,,,
9012000,simple,CHAPA GALV N 20 (0.95mm) 2 X 1,0.0000,1,10.000.000,0,1,0.0000,0,,,,,,,
9012002,simple,CHAPA GALV N 20 (0.95mm) 2 X 1.20,0.0000,1,10.000.000,0,1,0.0000,0,,,,,,,
9012003,simple,CHAPA GALV N 20 (0.95mm) 3 X 1.20,0.0000,1,10.000.000,0,1,0.0000,0,,,,,,,
9012200,simple,CHAPA GALV N 22 (0.80mm) 2 X 1,0.0000,1,10.000.000,0,1,0.0000,0,,,,,,,
9012201,simple,CHAPA GALV N 22 (0.80mm) 2 X 1.20,0.0000,1,10.000.000,0,1,0.0000,0,,,,,,,
9012203,simple,CHAPA GALV N 22 (0.80mm) 3 X 1.20,0.0000,1,10.000.000,0,1,0.0000,0,,,,,,,
9012400,simple,CHAPA GALV N 24 (0.65mm) 2 X 1,0.0000,1,10.000.000,0,1,0.0000,0,,,,,,,
9012600,simple,CHAPA GALV N 26 (0.50mm) 2 X 1,0.0000,1,10.000.000,0,1,0.0000,0,,,,,,,
9012601,simple,CHAPA GALV N 26 (0.50mm) 2 X 1.20,0.0000,1,10.000.000,0,1,0.0000,0,,,,,,,
9012800,simple,CHAPA GALV N 28 (0.43mm) 2 X 1,0.0000,1,10.000.000,0,1,0.0000,0,,,,,,,
9012801,simple,CHAPA GALV N 28 (0.43MM) 2 x 1.20,0.0000,1,10.000.000,0,1,0.0000,0,,,,,,,
9013000,simple,CHAPA GALV N 30 (0.35mm) 2 x 1,0.0000,1,10.000.000,0,1,0.0000,0,,,,,,,
901,grouped,Chapa Galvanizada,0.0000,1,10.000.000,0,1,0.0000,0,,,,,,,"9011400=0.000000,9011401=0.000000,9011402=0.000000,9011600=0.000000,9011601=0.000000,9011602=0.000000,9011800=0.000000,9011802=0.000000,9011804=0.000000,9012000=0.000000,9012002=0.000000,9012003=0.000000,9012200=0.000000,9012201=0.000000,9012203=0.000000,9012400=0.000000,9012600=0.000000,9012601=0.000000,9012800=0.000000,9012801=0.000000,9013000=0.000000"
9022712,simple,CHAPA ROLO N 26 (0.50mm) 120 cm,0.0000,1,10.000.000,0,1,0.0000,0,,,,,,,
9022730,simple,CHAPA ROLO N 26 (0.50mm) 30 cm,0.0000,1,10.000.000,0,1,0.0000,0,,,,,,,
9022740,simple,CHAPA ROLO N 26 (0.50mm) 40 cm,0.0000,1,10.000.000,0,1,0.0000,0,,,,,,,
9022750,simple,CHAPA ROLO N 26 (0.50mm) 50 cm,0.0000,1,10.000.000,0,1,0.0000,0,,,,,,,
9022760,simple,CHAPA ROLO N 26 (0.50mm) 60 cm,0.0000,1,10.000.000,0,1,0.0000,0,,,,,,,
9022770,simple,CHAPA ROLO N 26 (0.50mm) 70 cm,0.0000,1,10.000.000,0,1,0.0000,0,,,,,,,
9022780,simple,CHAPA ROLO N 26 (0.50mm) 80 cm,0.0000,1,10.000.000,0,1,0.0000,0,,,,,,,
9022912,simple,CHAPA ROLO N 28 (0.43MM) 120 CM,0.0000,1,10.000.000,0,1,0.0000,0,,,,,,,
9022920,simple,CHAPA ROLO N 28 (0.43mm) 20 cm,0.0000,1,10.000.000,0,1,0.0000,0,,,,,,,
9022930,simple,CHAPA ROLO N 28 (0.43mm) 30 cm,0.0000,1,10.000.000,0,1,0.0000,0,,,,,,,
9022940,simple,CHAPA ROLO N 28 (0.43mm) 40 cm,0.0000,1,10.000.000,0,1,0.0000,0,,,,,,,
9022960,simple,CHAPA ROLO N 28 (0.43mm) 60 cm,0.0000,1,10.000.000,0,1,0.0000,0,,,,,,,
9022970,simple,CHAPA ROLO N 28 (0.43mm) 70 cm,0.0000,1,10.000.000,0,1,0.0000,0,,,,,,,
9022980,simple,CHAPA ROLO N 28 (0.43mm) 80 cm,0.0000,1,10.000.000,0,1,0.0000,0,,,,,,,
9022,grouped,Chapa Rolo,0.0000,1,10.000.000,0,1,0.0000,0,,,,,,,"9022712=0.000000,9022730=0.000000,9022740=0.000000,9022750=0.000000,9022760=0.000000,9022770=0.000000,9022780=0.000000,9022912=0.000000,9022920=0.000000,9022930=0.000000,9022940=0.000000,9022960=0.000000,9022970=0.000000,9022980=0.000000,9022799=0.000000,9022999=0.000000,9022950=0.000000"
10025040,simple,PERFIL STANLEY 40x50x18x8 (1.10mm),0.0000,1,10.000.000,0,1,0.0000,0,,,,,,,
1002,grouped,Perfil Stanley,0.0000,1,10.000.000,0,1,0.0000,0,,,,,,,10025040=0.000000
10031213,simple,FORMA P/ TRELICA (120x125x30x2mm) 6m,0.0000,1,10.000.000,0,1,0.0000,0,,,,,,,
1003,grouped,Forma para Treliça,0.0000,1,10.000.000,0,1,0.0000,0,,,,,,,10031213=0.000000
10062020,simple,PERFIL U 2 SIMP 2.00mm (50x25),0.0000,1,10.000.000,0,1,0.0000,0,,,,,,,
10062030,simple,PERFIL U 3 SIMP 2.00mm (75x40),0.0000,1,10.000.000,0,1,0.0000,0,,,,,,,
10062040,simple,PERFIL U 4 SIMP 2.00mm (100x40),0.0000,1,10.000.000,0,1,0.0000,0,,,,,,,
10062050,simple,PERFIL U 5 SIMP 2.00mm (127x50),0.0000,1,10.000.000,0,1,0.0000,0,,,,,,,
10062620,simple,PERFIL U 2 SIMP 2.65mm (50x25),0.0000,1,10.000.000,0,1,0.0000,0,,,,,,,
10062630,simple,PERFIL U 3 SIMP 2.65mm (75x40),0.0000,1,10.000.000,0,1,0.0000,0,,,,,,,
10062640,simple,PERFIL U 4 SIMP 2.65mm (100x40),0.0000,1,10.000.000,0,1,0.0000,0,,,,,,,
10062650,simple,PERFIL U 5 SIMP 2.65mm (127x50),0.0000,1,10.000.000,0,1,0.0000,0,,,,,,,
10062660,simple,PERFIL U 6 SIMP 2.65mm (150x50),0.0000,1,10.000.000,0,1,0.0000,0,,,,,,,
10063030,simple,PERFIL U 3 SIMP 3.00mm (75x40),0.0000,1,10.000.000,0,1,0.0000,0,,,,,,,
10063040,simple,PERFIL U 4 SIMP 3.00mm (100x40),0.0000,1,10.000.000,0,1,0.0000,0,,,,,,,
10063050,simple,PERFIL U 5 SIMP 3.00mm (127x50),0.0000,1,10.000.000,0,1,0.0000,0,,,,,,,
10063060,simple,PERFIL U 6 SIMP 3.00mm (150x50),0.0000,1,10.000.000,0,1,0.0000,0,,,,,,,
10066730,simple,PERFIL U 3 SIMP 4.75mm (75x40),0.0000,1,10.000.000,0,1,0.0000,0,,,,,,,
10067540,simple,PERFIL U 4 SIMP 4.75mm (100x40),0.0000,1,10.000.000,0,1,0.0000,0,,,,,,,
10067550,simple,PERFIL U 5 SIMP 4.75mm (127x50),0.0000,1,10.000.000,0,1,0.0000,0,,,,,,,
10067560,simple,PERFIL U 6 SIMP 4.75mm (150x50),0.0000,1,10.000.000,0,1,0.0000,0,,,,,,,
1006,grouped,Perfil U Simples,0.0000,1,10.000.000,0,1,0.0000,0,,,,,,,"10062020=0.000000,10062030=0.000000,10062040=0.000000,10062050=0.000000,10062620=0.000000,10062630=0.000000,10062640=0.000000,10062650=0.000000,10062660=0.000000,10063030=0.000000,10063040=0.000000,10063050=0.000000,10063060=0.000000,10066730=0.000000,10067540=0.000000,10067550=0.000000,10067560=0.000000"
10072020,simple,PERFIL U 2 ENRIJ 2.00mm (50x25x10),0.0000,1,10.000.000,0,1,0.0000,0,,,,,,,
10072030,simple,PERFIL U 3 ENRIJ 2.00mm (75x40x15),0.0000,1,10.000.000,0,1,0.0000,0,,,,,,,
10072040,simple,PERFIL U 4 ENRIJ 2.00mm (100x40x15),0.0000,1,10.000.000,0,1,0.0000,0,,,,,,,
10072050,simple,PERFIL U 5 ENRIJ 2.00mm (127x50x20),0.0000,1,10.000.000,0,1,0.0000,0,,,,,,,
10072240,simple,PERFIL U 4 ENRIJ 2.25mm (100x40x15),0.0000,1,10.000.000,0,1,0.0000,0,,,,,,,
10072620,simple,PERFIL U 2 ENRIJ 2.65mm (50x25x10),0.0000,1,10.000.000,0,1,0.0000,0,,,,,,,
10072630,simple,PERFIL U 3 ENRIJ 2.65mm (75x40x15),0.0000,1,10.000.000,0,1,0.0000,0,,,,,,,
10072640,simple,PERFIL U 4 ENRIJ 2.65mm (100x40x15),0.0000,1,10.000.000,0,1,0.0000,0,,,,,,,
10072650,simple,PERFIL U 5 ENRIJ 2.65mm (127x50x20),0.0000,1,10.000.000,0,1,0.0000,0,,,,,,,
10072660,simple,PERFIL U 6 ENRIJ 2.65mm (150x60x20),0.0000,1,10.000.000,0,1,0.0000,0,,,,,,,
10073030,simple,PERFIL U 3 ENRIJ 3.00mm (75x40x15),0.0000,1,10.000.000,0,1,0.0000,0,,,,,,,
10073040,simple,PERFIL U 4 ENRIJ 3.00mm (100x40x15),0.0000,1,10.000.000,0,1,0.0000,0,,,,,,,
10073050,simple,PERFIL U 5 ENRIJ 3.00mm (127x50x20),0.0000,1,10.000.000,0,1,0.0000,0,,,,,,,
10073060,simple,PERFIL U 6 ENRIJ 3.00mm (150x60x20),0.0000,1,10.000.000,0,1,0.0000,0,,,,,,,
1007,grouped,Perfil U Enrijecido,0.0000,1,10.000.000,0,1,0.0000,0,,,,,,,"10072020=0.000000,10072030=0.000000,10072040=0.000000,10072050=0.000000,10072240=0.000000,10072620=0.000000,10072630=0.000000,10072640=0.000000,10072650=0.000000,10072660=0.000000,10073030=0.000000,10073040=0.000000,10073050=0.000000,10073060=0.000000"
10082030,simple,PERFIL U 3 ENC 2.00mm (68x30),0.0000,1,10.000.000,0,1,0.0000,0,,,,,,,
10082040,simple,PERFIL U 4 ENC 2.00mm (93x30),0.0000,1,10.000.000,0,1,0.0000,0,,,,,,,
1008,grouped,Perfil de Encaixe,0.0000,1,10.000.000,0,1,0.0000,0,,,,,,,"10082030=0.000000,10082040=0.000000"
11041270,simple,TUBO PAT 1/2 (21.30) 2.00mm,0.0000,1,10.000.000,0,1,0.0000,0,,,,,,,
11041905,simple,TUBO PAT 3/4 (26.70) 2.00mm,0.0000,1,10.000.000,0,1,0.0000,0,,,,,,,
11042540,simple,TUBO PAT 1 (33.40) 2.00mm,0.0000,1,10.000.000,0,1,0.0000,0,,,,,,,
11043175,simple,TUBO PAT 1.1/4 (42.20) 2.00mm ,0.0000,1,10.000.000,0,1,0.0000,0,,,,,,,
11043810,simple,TUBO PAT 1.1/2 (48.30) 2.00mm,0.0000,1,10.000.000,0,1,0.0000,0,,,,,,,
11045080,simple,TUBO PAT 2 (60.30) 2.00mm,0.0000,1,10.000.000,0,1,0.0000,0,,,,,,,
11046350,simple,TUBO PAT 2.1/2 (76.20) 2.00mm,0.0000,1,10.000.000,0,1,0.0000,0,,,,,,,
11047620,simple,TUBO PAT 3 (88.90) 2.00mm,0.0000,1,10.000.000,0,1,0.0000,0,,,,,,,
11062540,simple,TUBO PAT 1 (33.40) PAR 2.65mm,0.0000,1,10.000.000,0,1,0.0000,0,,,,,,,
11063175,simple,TUBO PAT 1.1/4 (42.20) 2.65mm,0.0000,1,10.000.000,0,1,0.0000,0,,,,,,,
11063810,simple,TUBO PAT 1.1/2 (48.30) 2.65mm,0.0000,1,10.000.000,0,1,0.0000,0,,,,,,,
11065080,simple,TUBO PAT 2 (60.30) 2.65mm,0.0000,1,10.000.000,0,1,0.0000,0,,,,,,,
11066350,simple,TUBO PAT 2.1/2 (76.20) 2.65mm,0.0000,1,10.000.000,0,1,0.0000,0,,,,,,,
11067620,simple,TUBO PAT 3 (88.90) 2.65mm,0.0000,1,10.000.000,0,1,0.0000,0,,,,,,,
11079960,simple,TUBO PAT 4 (114.3) 3.00mm,0.0000,1,10.000.000,0,1,0.0000,0,,,,,,,
1104,grouped,Tubo Patente,0.0000,1,10.000.000,0,1,0.0000,0,,,,,,,"11041270=0.000000,11041905=0.000000,11042540=0.000000,11043175=0.000000,11043810=0.000000,11045080=0.000000,11046350=0.000000,11047620=0.000000,11062540=0.000000,11063175=0.000000,11063810=0.000000,11065080=0.000000,11066350=0.000000,11067620=0.000000,11079960=0.000000"
12011270,simple,TUBO PAT GALV 1/2 (21.30) 1.25mm,0.0000,1,10.000.000,0,1,0.0000,0,,,,,,,
12011905,simple,TUBO PAT GALV 3/4 (26.70) 1.25mm,0.0000,1,10.000.000,0,1,0.0000,0,,,,,,,
12012540,simple,TUBO PAT GALV 1 (33.40) 1.25mm,0.0000,1,10.000.000,0,1,0.0000,0,,,,,,,
12013175,simple,TUBO PAT GALV 1.1/4 (42.20) 1.25mm,0.0000,1,10.000.000,0,1,0.0000,0,,,,,,,
12013810,simple,TUBO PAT GALV 1.1/2  (48.30) 1.25mm,0.0000,1,10.000.000,0,1,0.0000,0,,,,,,,
12015080,simple,TUBO PAT GALV 2 (60.30) 1.25mm,0.0000,1,10.000.000,0,1,0.0000,0,,,,,,,
12021270,simple,TUBO PAT GALV 1/2 (21.30) 1.55mm,0.0000,1,10.000.000,0,1,0.0000,0,,,,,,,
12021905,simple,TUBO PAT GALV 3/4 (26.70) 1.55mm,0.0000,1,10.000.000,0,1,0.0000,0,,,,,,,
12022540,simple,TUBO PAT GALV 1 (33.40) 1.55mm,0.0000,1,10.000.000,0,1,0.0000,0,,,,,,,
12023175,simple,TUBO PAT GALV 1.1/4 (42.20) 1.55mm,0.0000,1,10.000.000,0,1,0.0000,0,,,,,,,
12023810,simple,TUBO PAT GALV 1.1/2  (48.30) 1.55mm,0.0000,1,10.000.000,0,1,0.0000,0,,,,,,,
12025080,simple,TUBO PAT GALV 2  (60.30) 1.55mm,0.0000,1,10.000.000,0,1,0.0000,0,,,,,,,
12026355,simple,TUBO PAT GALV 2.1/2 (76.20mm) 1.55mm,0.0000,1,10.000.000,0,1,0.0000,0,,,,,,,
12031270,simple,TUBO PAT GALV 1/2 (21.30) 1.95mm,0.0000,1,10.000.000,0,1,0.0000,0,,,,,,,
12031905,simple,TUBO PAT GALV 3/4 (26.70) 1.95mm,0.0000,1,10.000.000,0,1,0.0000,0,,,,,,,
12032540,simple,TUBO PAT GALV 1 (33.40) 1.95mm,0.0000,1,10.000.000,0,1,0.0000,0,,,,,,,
12033175,simple,TUBO PAT GALV 1.1/4 (42.20) 1.95mm,0.0000,1,10.000.000,0,1,0.0000,0,,,,,,,
12033810,simple,TUBO PAT GALV 1.1/2 (48.30) 1.95mm,0.0000,1,10.000.000,0,1,0.0000,0,,,,,,,
12035080,simple,TUBO PAT GALV 2 (60.30) 1.95mm,0.0000,1,10.000.000,0,1,0.0000,0,,,,,,,
12036355,simple,TUBO PAT GALV 2.1/2 (76.20) 1.95mm,0.0000,1,10.000.000,0,1,0.0000,0,,,,,,,
12037620,simple,TUBO PAT GALV 3 (88.90) 1.95mm,0.0000,1,10.000.000,0,1,0.0000,0,,,,,,,
1203,grouped,Tubo Patente Galvanizado,0.0000,1,10.000.000,0,1,0.0000,0,,,,,,,"12011270=0.000000,12011905=0.000000,12012540=0.000000,12013175=0.000000,12013810=0.000000,12015080=0.000000,12021270=0.000000,12021905=0.000000,12022540=0.000000,12023175=0.000000,12023810=0.000000,12025080=0.000000,12026355=0.000000,12031270=0.000000,12031905=0.000000,12032540=0.000000,12033175=0.000000,12033810=0.000000,12035080=0.000000,12036355=0.000000,12037620=0.000000"
12202122,simple,TUBO COND 5580 GALV 1/2 (21.30) 2.25mm C/R L,0.0000,1,10.000.000,0,1,0.0000,0,,,,,,,
12202622,simple,TUBO COND 5580 GALV 3/4 (26.90) 2.25mm C/R L,0.0000,1,10.000.000,0,1,0.0000,0,,,,,,,
12203326,simple,TUBO COND 5580 GALV 1 (33.70) 2.65mm C/R L,0.0000,1,10.000.000,0,1,0.0000,0,,,,,,,
12204226,simple,TUBO COND 5580 GALV 1.1/4 (42.40) 2.65mm C/R L,0.0000,1,10.000.000,0,1,0.0000,0,,,,,,,
12204830,simple,TUBO COND 5580 GALV 1.1/2 (48.30) 3.00mm C/R L,0.0000,1,10.000.000,0,1,0.0000,0,,,,,,,
12206030,simple,TUBO COND 5580 GALV 2 (60.30) 3.00mm C/R L,0.0000,1,10.000.000,0,1,0.0000,0,,,,,,,
12207633,simple,TUBO COND 5580 GALV 2.1/2 (76.10) 3.35mm C/R L,0.0000,1,10.000.000,0,1,0.0000,0,,,,,,,
12208933,simple,TUBO COND 5580 GALV 3 (88.90) 3.35mm C/R L,0.0000,1,10.000.000,0,1,0.0000,0,,,,,,,
1221,grouped,Tubo de Condução Galvanizado,0.0000,1,10.000.000,0,1,0.0000,0,,,,,,,"12202122=0.000000,12202622=0.000000,12203326=0.000000,12204226=0.000000,12204830=0.000000,12206030=0.000000,12207633=0.000000,12208933=0.000000"
13001588,simple,TUBO IND RED 5/8 (15.90) 0.75mm,0.0000,1,10.000.000,0,1,0.0000,0,,,,,,,
13001905,simple,TUBO IND RED 3/4 (19.05) 0.75mm,0.0000,1,10.000.000,0,1,0.0000,0,,,,,,,
13002540,simple,TUBO IND RED 1 (25.40) 0.75mm ,0.0000,1,10.000.000,0,1,0.0000,0,,,,,,,
13003175,simple,TUBO IND RED 1.1/4 (31.75) 0.75mm,0.0000,1,10.000.000,0,1,0.0000,0,,,,,,,
13011270,simple,TUBO IND RED 1/2 (12.70) 0.90mm,0.0000,1,10.000.000,0,1,0.0000,0,,,,,,,
13011588,simple,TUBO IND RED 5/8 (15.90) 0.90mm,0.0000,1,10.000.000,0,1,0.0000,0,,,,,,,
13011905,simple,TUBO IND RED 3/4 (19.05) 0.90mm,0.0000,1,10.000.000,0,1,0.0000,0,,,,,,,
13012222,simple,TUBO IND RED 7/8 (22.23) 0.90mm,0.0000,1,10.000.000,0,1,0.0000,0,,,,,,,
13021588,simple,TUBO IND RED 5/8 (15.90) 1.20mm,0.0000,1,10.000.000,0,1,0.0000,0,,,,,,,
13021905,simple,TUBO IND RED 3/4 (19.05) 1.20mm,0.0000,1,10.000.000,0,1,0.0000,0,,,,,,,
13022222,simple,TUBO IND RED 7/8 (22.23) 1.20mm,0.0000,1,10.000.000,0,1,0.0000,0,,,,,,,
13022540,simple,TUBO IND RED 1 (25.40) 1.20mm,0.0000,1,10.000.000,0,1,0.0000,0,,,,,,,
13023175,simple,TUBO IND RED 1.1/4 (31.75) 1.20mm,0.0000,1,10.000.000,0,1,0.0000,0,,,,,,,
13023810,simple,TUBO IND RED 1.1/2 (38.10) 1.20mm,0.0000,1,10.000.000,0,1,0.0000,0,,,,,,,
13025080,simple,TUBO IND RED 2 (50.80) 1.20mm,0.0000,1,10.000.000,0,1,0.0000,0,,,,,,,
13026350,simple,TUBO IND RED 2.1/2 (63.50) 1.20mm,0.0000,1,10.000.000,0,1,0.0000,0,,,,,,,
13027620,simple,TUBO IND RED 3 (76.20) 1.20mm,0.0000,1,10.000.000,0,1,0.0000,0,,,,,,,
13033175,simple,TUBO IND RED 1.1/4 (31.75) 1.50mm,0.0000,1,10.000.000,0,1,0.0000,0,,,,,,,
13033810,simple,TUBO IND RED 1.1/2 (38.10) 1.50mm,0.0000,1,10.000.000,0,1,0.0000,0,,,,,,,
13035080,simple,TUBO IND RED 2 (50.80) 1.50mm,0.0000,1,10.000.000,0,1,0.0000,0,,,,,,,
13042540,simple,TUBO IND RED 1 (25.40) 2.00MM,0.0000,1,10.000.000,0,1,0.0000,0,,,,,,,
13043175,simple,TUBO IND RED 1.1/4 (31.75) 2.00mm,0.0000,1,10.000.000,0,1,0.0000,0,,,,,,,
13043810,simple,TUBO IND RED 1.1/2 (38.10) 2.00mm,0.0000,1,10.000.000,0,1,0.0000,0,,,,,,,
13045080,simple,TUBO IND RED 2 (50.80) 2.00mm,0.0000,1,10.000.000,0,1,0.0000,0,,,,,,,
13047620,simple,TUBO IND RED 3 (76.20) 2.00mm,0.0000,1,10.000.000,0,1,0.0000,0,,,,,,,
13049000,simple,TUBO IND RED 4 (101.60) 2.00mm,0.0000,1,10.000.000,0,1,0.0000,0,,,,,,,
1301,grouped,Tubo Industrial Redondo - Precisão e Robustez para Projetos Metálicos,0.0000,1,10.000.000,0,1,0.0000,0,,,,,,,"13001588=0.000000,13001905=0.000000,13002540=0.000000,13003175=0.000000,13011270=0.000000,13011588=0.000000,13011905=0.000000,13012222=0.000000,13021588=0.000000,13021905=0.000000,13022222=0.000000,13022540=0.000000,13023175=0.000000,13023810=0.000000,13025080=0.000000,13026350=0.000000,13027620=0.000000,13033175=0.000000,13033810=0.000000,13035080=0.000000,13042540=0.000000,13043175=0.000000,13043810=0.000000,13045080=0.000000,13047620=0.000000,13049000=0.000000"
14002020,simple,TUBO METALON 20 X 20 (0.75MM),0.0000,1,10.000.000,0,1,0.0000,0,,,,,,,
14011515,simple,TUBO METALON 15 x 15 (0.90mm),0.0000,1,10.000.000,0,1,0.0000,0,,,,,,,
14011616,simple,TUBO METALON 16 x 16 (0.90mm),0.0000,1,10.000.000,0,1,0.0000,0,,,,,,,
14012020,simple,TUBO METALON 20 x 20 (0.90mm),0.0000,1,10.000.000,0,1,0.0000,0,,,,,,,
14012030,simple,TUBO METALON 20 x 30 (0.90mm),0.0000,1,10.000.000,0,1,0.0000,0,,,,,,,
14012040,simple,TUBO METALON 20 x 40 (0.90mm),0.0000,1,10.000.000,0,1,0.0000,0,,,,,,,
14012525,simple,TUBO METALON 25 x 25 (0.90mm),0.0000,1,10.000.000,0,1,0.0000,0,,,,,,,
14013030,simple,TUBO METALON 30 x 30 (0.90mm),0.0000,1,10.000.000,0,1,0.0000,0,,,,,,,
14013040,simple,TUBO METALON 30 x 40 (0.90mm),0.0000,1,10.000.000,0,1,0.0000,0,,,,,,,
14013050,simple,TUBO METALON 30 x 50 (0.90mm),0.0000,1,10.000.000,0,1,0.0000,0,,,,,,,
14014040,simple,TUBO METALON 40 x 40 (0.90mm),0.0000,1,10.000.000,0,1,0.0000,0,,,,,,,
14021515,simple,TUBO METALON 15 X 15 (1.20mm),0.0000,1,10.000.000,0,1,0.0000,0,,,,,,,
14021616,simple,TUBO METALON 16 x 16 (1.20mm),0.0000,1,10.000.000,0,1,0.0000,0,,,,,,,
14022020,simple,TUBO METALON 20 x 20 (1.20mm),0.0000,1,10.000.000,0,1,0.0000,0,,,,,,,
14022030,simple,TUBO METALON 20 x 30 (1.20mm),0.0000,1,10.000.000,0,1,0.0000,0,,,,,,,
14022040,simple,TUBO METALON 20 x 40 (1.20mm),0.0000,1,10.000.000,0,1,0.0000,0,,,,,,,
14022050,simple,TUBO METALON 20 x 50 (1.20mm),0.0000,1,10.000.000,0,1,0.0000,0,,,,,,,
14022525,simple,TUBO METALON 25 x 25 (1.20mm),0.0000,1,10.000.000,0,1,0.0000,0,,,,,,,
14023030,simple,TUBO METALON 30 x 30 (1.20mm),0.0000,1,10.000.000,0,1,0.0000,0,,,,,,,
14023040,simple,TUBO METALON 30 x 40 (1.20mm),0.0000,1,10.000.000,0,1,0.0000,0,,,,,,,
14023050,simple,TUBO METALON 30 x 50 (1.20mm),0.0000,1,10.000.000,0,1,0.0000,0,,,,,,,
14023070,simple,TUBO METALON 30 x 70 (1.20mm),0.0000,1,10.000.000,0,1,0.0000,0,,,,,,,
14024040,simple,TUBO METALON 40 x 40 (1.20mm),0.0000,1,10.000.000,0,1,0.0000,0,,,,,,,
14024060,simple,TUBO METALON 40 x 60 (1.20mm),0.0000,1,10.000.000,0,1,0.0000,0,,,,,,,
14024080,simple,TUBO METALON 40 x 80 (1.20mm),0.0000,1,10.000.000,0,1,0.0000,0,,,,,,,
14025050,simple,TUBO METALON 50 x 50 (1.20mm),0.0000,1,10.000.000,0,1,0.0000,0,,,,,,,
14028080,simple,TUBO METALON 80 x 80 (1.20mm),0.0000,1,10.000.000,0,1,0.0000,0,,,,,,,
14032020,simple,TUBO METALON 20 x 20 (1.50mm),0.0000,1,10.000.000,0,1,0.0000,0,,,,,,,
14032030,simple,TUBO METALON 20 x 30 (1.50mm),0.0000,1,10.000.000,0,1,0.0000,0,,,,,,,
14033030,simple,TUBO METALON 30 x 30 (1.50mm),0.0000,1,10.000.000,0,1,0.0000,0,,,,,,,
14033040,simple,TUBO METALON 30 x 40 (1.50mm),0.0000,1,10.000.000,0,1,0.0000,0,,,,,,,
14033050,simple,TUBO METALON 30 x 50 (1.50mm),0.0000,1,10.000.000,0,1,0.0000,0,,,,,,,
14033070,simple,TUBO METALON 30 X 70 (1.50MM),0.0000,1,10.000.000,0,1,0.0000,0,,,,,,,
14034040,simple,TUBO METALON 40 x 40 (1.50mm),0.0000,1,10.000.000,0,1,0.0000,0,,,,,,,
14034060,simple,TUBO METALON 40 x 60 (1.50mm),0.0000,1,10.000.000,0,1,0.0000,0,,,,,,,
14034080,simple,TUBO METALON 40 x 80 (1.50mm),0.0000,1,10.000.000,0,1,0.0000,0,,,,,,,
14035050,simple,TUBO METALON 50 x 50 (1.50mm),0.0000,1,10.000.000,0,1,0.0000,0,,,,,,,
14036060,simple,TUBO METALON 60 x 60 (1.50mm),0.0000,1,10.000.000,0,1,0.0000,0,,,,,,,
14037070,simple,TUBO METALON 70 x 70 (1.50mm),0.0000,1,10.000.000,0,1,0.0000,0,,,,,,,
14043050,simple,TUBO METALON 50 x 30 (2.00mm),0.0000,1,10.000.000,0,1,0.0000,0,,,,,,,
14043070,simple,TUBO METALON 30 x 70 (2.00mm),0.0000,1,10.000.000,0,1,0.0000,0,,,,,,,
14044040,simple,TUBO METALON 40 x 40 (2.00mm),0.0000,1,10.000.000,0,1,0.0000,0,,,,,,,
14044060,simple,TUBO METALON 40 x 60 (2.00mm),0.0000,1,10.000.000,0,1,0.0000,0,,,,,,,
14044080,simple,TUBO METALON 40 x 80 (2.00mm),0.0000,1,10.000.000,0,1,0.0000,0,,,,,,,
14044099,simple,TUBO METALON 40 X 100 (2.00mm),0.0000,1,10.000.000,0,1,0.0000,0,,,,,,,
14045050,simple,TUBO METALON 50 x 50 (2.00mm),0.0000,1,10.000.000,0,1,0.0000,0,,,,,,,
14045099,simple,TUBO METALON 50 X 100 (2.00mm),0.0000,1,10.000.000,0,1,0.0000,0,,,,,,,
14046060,simple,TUBO METALON 60 x 60 (2.00mm),0.0000,1,10.000.000,0,1,0.0000,0,,,,,,,
14047070,simple,TUBO METALON 70 x 70 (2.00mm),0.0000,1,10.000.000,0,1,0.0000,0,,,,,,,
14048080,simple,TUBO METALON 80 x 80 (2.00mm),0.0000,1,10.000.000,0,1,0.0000,0,,,,,,,
14049999,simple,TUBO METALON 100 x 100 (2.00mm),0.0000,1,10.000.000,0,1,0.0000,0,,,,,,,
14093050,simple,TUBO METALON 30 x 50 (2.65mm),0.0000,1,10.000.000,0,1,0.0000,0,,,,,,,
14094040,simple,TUBO METALON 40 x 40 (2.65mm),0.0000,1,10.000.000,0,1,0.0000,0,,,,,,,
14094060,simple,TUBO METALON 40 x 60 (2.65mm),0.0000,1,10.000.000,0,1,0.0000,0,,,,,,,
14094080,simple,TUBO METALON 40 x 80 (2.65mm),0.0000,1,10.000.000,0,1,0.0000,0,,,,,,,
14095050,simple,TUBO METALON 50 x 50 (2.65mm),0.0000,1,10.000.000,0,1,0.0000,0,,,,,,,
14095099,simple,TUBO METALON 50 x 100 (2.65mm),0.0000,1,10.000.000,0,1,0.0000,0,,,,,,,
14096060,simple,TUBO METALON 60 x 60 (2.65mm),0.0000,1,10.000.000,0,1,0.0000,0,,,,,,,
14097070,simple,TUBO METALON 70 x 70 (2.65mm),0.0000,1,10.000.000,0,1,0.0000,0,,,,,,,
14098080,simple,TUBO METALON 80 x 80 (2.65mm),0.0000,1,10.000.000,0,1,0.0000,0,,,,,,,
14099999,simple,TUBO METALON 100 x 100 (2.65mm),0.0000,1,10.000.000,0,1,0.0000,0,,,,,,,
14108080,simple,TUBO METALON 80 x 80 (3.00mm),0.0000,1,10.000.000,0,1,0.0000,0,,,,,,,
14109999,simple,TUBO METALON 100 x 100 (3.00mm),0.0000,1,10.000.000,0,1,0.0000,0,,,,,,,
1401,grouped,Tubo Metalon - Versatilidade e Durabilidade para Estruturas Metálicas,0.0000,1,10.000.000,0,1,0.0000,0,,,,,,,"14002020=0.000000,14011515=0.000000,14011616=0.000000,14012020=0.000000,14012030=0.000000,14012040=0.000000,14012525=0.000000,14013030=0.000000,14013040=0.000000,14013050=0.000000,14014040=0.000000,14021515=0.000000,14021616=0.000000,14022020=0.000000,14022030=0.000000,14022040=0.000000,14022050=0.000000,14022525=0.000000,14023030=0.000000,14023040=0.000000,14023050=0.000000,14023070=0.000000,14024040=0.000000,14024060=0.000000,14024080=0.000000,14025050=0.000000,14028080=0.000000,14032020=0.000000,14032030=0.000000,14033030=0.000000,14033040=0.000000,14033050=0.000000,14033070=0.000000,14034040=0.000000,14034060=0.000000,14034080=0.000000,14035050=0.000000,14036060=0.000000,14037070=0.000000,14043050=0.000000,14043070=0.000000,14044040=0.000000,14044060=0.000000,14044080=0.000000,14044099=0.000000,14045050=0.000000,14045099=0.000000,14046060=0.000000,14047070=0.000000,14048080=0.000000,14049999=0.000000,14093050=0.000000,14094040=0.000000,14094060=0.000000,14094080=0.000000,14095050=0.000000,14095099=0.000000,14096060=0.000000,14097070=0.000000,14098080=0.000000,14099999=0.000000,14108080=0.000000,14109999=0.000000"
14051515,simple,TUBO MET GALV 15 x 15 (1.25mm),0.0000,1,10.000.000,0,1,0.0000,0,,,,,,,
14052020,simple,TUBO MET GALV 20 x 20 (1.25mm),0.0000,1,10.000.000,0,1,0.0000,0,,,,,,,
14052030,simple,TUBO MET GALV 20 x 30 (1.25mm),0.0000,1,10.000.000,0,1,0.0000,0,,,,,,,
14052040,simple,TUBO MET GALV 20 x 40 (1.25mm),0.0000,1,10.000.000,0,1,0.0000,0,,,,,,,
14052525,simple,TUBO MET GALV 25 x 25 (1.25mm),0.0000,1,10.000.000,0,1,0.0000,0,,,,,,,
14053030,simple,TUBO MET GALV 30 x 30 (1.25mm),0.0000,1,10.000.000,0,1,0.0000,0,,,,,,,
14053040,simple,TUBO MET GALV 30 x 40 (1.25mm),0.0000,1,10.000.000,0,1,0.0000,0,,,,,,,
14053050,simple,TUBO MET GALV 30 x 50 (1.25mm),0.0000,1,10.000.000,0,1,0.0000,0,,,,,,,
14053070,simple,TUBO MET GALV 30 x 70 (1.25mm),0.0000,1,10.000.000,0,1,0.0000,0,,,,,,,
14054040,simple,TUBO MET GALV 40 x 40 (1.25mm),0.0000,1,10.000.000,0,1,0.0000,0,,,,,,,
14054060,simple,TUBO MET GALV 40 x 60 (1.25mm),0.0000,1,10.000.000,0,1,0.0000,0,,,,,,,
14054080,simple,TUBO MET GALV 40 x 80 (1.25mm),0.0000,1,10.000.000,0,1,0.0000,0,,,,,,,
14055050,simple,TUBO MET GALV 50 x 50 (1.25mm),0.0000,1,10.000.000,0,1,0.0000,0,,,,,,,
14056060,simple,TUBO MET GALV 60 x 60 (1.25mm),0.0000,1,10.000.000,0,1,0.0000,0,,,,,,,
14061515,simple,TUBO MET GALV 15 x 15 (0.95mm),0.0000,1,10.000.000,0,1,0.0000,0,,,,,,,
14062020,simple,TUBO MET GALV 20 x 20 (0.95mm),0.0000,1,10.000.000,0,1,0.0000,0,,,,,,,
14062030,simple,TUBO MET GALV 20 x 30 (0.95mm),0.0000,1,10.000.000,0,1,0.0000,0,,,,,,,
14062040,simple,TUBO MET GALV 20 x 40 (0.95mm),0.0000,1,10.000.000,0,1,0.0000,0,,,,,,,
14062525,simple,TUBO MET GALV 25 x 25 (0.95mm),0.0000,1,10.000.000,0,1,0.0000,0,,,,,,,
14063030,simple,TUBO MET GALV 30 x 30 (0.95mm),0.0000,1,10.000.000,0,1,0.0000,0,,,,,,,
14063040,simple,TUBO MET GALV 30 x 40 (0.95mm),0.0000,1,10.000.000,0,1,0.0000,0,,,,,,,
14063050,simple,TUBO MET GALV 30 x 50 (0.95mm),0.0000,1,10.000.000,0,1,0.0000,0,,,,,,,
14064040,simple,TUBO MET GALV 40 x 40 (0.95mm),0.0000,1,10.000.000,0,1,0.0000,0,,,,,,,
14072020,simple,TUBO MET GALV 20 x 20 (1.55mm),0.0000,1,10.000.000,0,1,0.0000,0,,,,,,,
14072030,simple,TUBO MET GALV 20 x 30 (1.55mm),0.0000,1,10.000.000,0,1,0.0000,0,,,,,,,
14073030,simple,TUBO MET GALV 30 x 30 (1.55mm),0.0000,1,10.000.000,0,1,0.0000,0,,,,,,,
14073040,simple,TUBO MET GALV 30 x 40 (1.55mm),0.0000,1,10.000.000,0,1,0.0000,0,,,,,,,
14073050,simple,TUBO MET GALV 30 x 50 (1.55mm),0.0000,1,10.000.000,0,1,0.0000,0,,,,,,,
14073070,simple,TUBO MET GALV 30 x 70 (1.55mm),0.0000,1,10.000.000,0,1,0.0000,0,,,,,,,
14074040,simple,TUBO MET GALV 40 x 40 (1.55mm),0.0000,1,10.000.000,0,1,0.0000,0,,,,,,,
14074060,simple,TUBO MET GALV 40 x 60 (1.55mm),0.0000,1,10.000.000,0,1,0.0000,0,,,,,,,
14074080,simple,TUBO MET GALV 40 x 80 (1.55mm),0.0000,1,10.000.000,0,1,0.0000,0,,,,,,,
14075050,simple,TUBO MET GALV 50 x 50 (1.55mm),0.0000,1,10.000.000,0,1,0.0000,0,,,,,,,
14076060,simple,TUBO MET GALV 60 x 60 (1.55mm),0.0000,1,10.000.000,0,1,0.0000,0,,,,,,,
14078080,simple,TUBO MET GALV 80 x 80 (1.55mm),0.0000,1,10.000.000,0,1,0.0000,0,,,,,,,
14079999,simple,TUBO MET GALV 100 X 100 (1.55MM),0.0000,1,10.000.000,0,1,0.0000,0,,,,,,,
14089999,simple,TUBO MET GALV 100 X 100 (1.95MM),0.0000,1,10.000.000,0,1,0.0000,0,,,,,,,
1405,grouped,Tubo Metalon Galvanizado,0.0000,1,10.000.000,0,1,0.0000,0,,,,,,,"14051515=0.000000,14052020=0.000000,14052030=0.000000,14052040=0.000000,14052525=0.000000,14053030=0.000000,14053040=0.000000,14053050=0.000000,14053070=0.000000,14054040=0.000000,14054060=0.000000,14054080=0.000000,14055050=0.000000,14056060=0.000000,14061515=0.000000,14062020=0.000000,14062030=0.000000,14062040=0.000000,14062525=0.000000,14063030=0.000000,14063040=0.000000,14063050=0.000000,14064040=0.000000,14072020=0.000000,14072030=0.000000,14073030=0.000000,14073040=0.000000,14073050=0.000000,14073070=0.000000,14074040=0.000000,14074060=0.000000,14074080=0.000000,14075050=0.000000,14076060=0.000000,14078080=0.000000,14079999=0.000000,14089999=0.000000"
203,grouped,Coluna armada,0.0000,1,100.000.000,1,1,10.000,1,,,,,,,"02030817=0.000000,02031017=0.000000,20308176=0.000000,20308175=0.000000,203081745=0.000000,20308174=0.000000,203081735=0.000000,20308173=0.000000,20310176=0.000000,20310175=0.000000,203101745=0.000000,20310174=0.000000,203101735=0.000000,20310173=0.000000"
2030817,simple,COLUNA ARMADA 5/16'' - 7 X 17,0.0000,1,100.000.000,1,0,10.000,1,,,,,,,
2031017,simple,COLUNA ARMADA 3/8'' - 7 X 17,0.0000,1,100.000.000,1,0,10.000,1,,,,,,,
1505,grouped,Prego com Cabeça Galvanizado,0.0000,1,100.000.000,1,0,10.000,1,,,,,,,15051338=0.000000
15051338,simple,PREGO C/ CAB 1 1/2'' X 13 GALV,0.0000,1,100.000.000,1,0,10.000,1,,,,,,,
1502,grouped,Grampo Galvanizado para Cerca,0.0000,1,100.000.000,1,0,10.000,1,,,,,,,"15020922=0.000000,15021222=0.000000"
15020922,simple,GRAMPO P/ CERCA GALV 7/8'' X 9'',0.0000,1,100.000.000,1,0,10.000,1,,,,,,,
15021222,simple,GRAMPO P/ CERCA GALV 7/8'' X 12'',0.0000,1,100.000.000,1,0,10.000,1,,,,,,,
260104,grouped,TELHA TRANSLÚCIDA ONDULADA,0.0000,1,100.000.000,1,0,10.000,1,,,,,,,26010410=0.000000
26010410,simple,TELHA TRANSLÚCIDA ONDUL - 6 X 1,0.0000,1,100.000.000,1,0,10.000,1,,,,,,,
260105,grouped,Cumeeira Galvalume Trapezoidal,0.0000,1,100.000.000,1,1,10.000,1,,,,,,,26010500=0.000000
26010500,simple,"CUMEEIRA GALVALUME Tr40 0,43 mm",0.0000,1,100.000.000,1,1,10.000,1,,,,,,,
260102,grouped,Telha Galvalume Trapezoidal 0.43mm,0.0000,1,100.000.000,1,1,10.000,1,,,,,,,"26010203=0.000000,26010204=0.000000,26010205=0.000000,26010206=0.000000,26010207=0.000000"
26010203,simple,"TELHA GALVALUME TRAP 40 (0,43x980x37mm) 3m",0.0000,1,100.000.000,1,1,10.000,1,,,,,,,
26010204,simple,"TELHA GALVALUME TRAP 40 (0,43x980x37mm) 4m",0.0000,1,100.000.000,1,1,10.000,1,,,,,,,
26010205,simple,"TELHA GALVALUME TRAP 40 (0,43x980x37mm) 5m",0.0000,1,100.000.000,1,1,10.000,1,,,,,,,
26010206,simple,"TELHA GALVALUME TRAP 40 (0,43x980x37mm) 6m",0.0000,1,100.000.000,1,1,10.000,1,,,,,,,
26010,grouped,Telha Translúcida Trapezoidal,0.0000,1,100.000.000,1,0,10.000,1,,,,,,,26010400=0.000000
26010400,simple,TELHA TRANSL TRAPEZ - 6 x 1,0.0000,1,100.000.000,1,0,10.000,1,,,,,,,
505,grouped,Barra Estrela,0.0000,1,100.000.000,1,1,10.000,1,,,,,,,5051250=0.000000
5051250,simple,"BARRA ESTRELA 1/2"" - 12.70 mm",0.0000,1,100.000.000,1,1,10.000,1,,,,,,,
2602,grouped,Chapa Articulada Galvanizada,0.0000,1,100.000.000,1,1,10.000,1,,,,,,,"26020043=0.000000,26020050=0.000000"
26020043,simple,"CHAPA ART GALV 28 (0,43mm) LEVE",0.0000,1,100.000.000,1,1,10.000,1,,,,,,,
26020050,simple,"CHAPA ART GALV 26 (0,50mm) PESADA",0.0000,1,100.000.000,1,0,10.000,1,,,,,,,
260200,grouped,Base para Porta,0.0000,1,100.000.000,1,1,10.000,1,,,,,,,"26020000=0.000000,26020002=0.000000,26020003=0.000000,26020141=0.000000"
26020000,simple,"BASE P/ PORTA L4'' 1,55 X 3mt",0.0000,1,100.000.000,1,0,10.000,1,,,,,,,
26020002,simple,"BASE P/ PORTA L3'' 1,55 X 3mt",0.0000,1,100.000.000,1,0,10.000,1,,,,,,,
26020003,simple,"BASE P/ PORTA L4'' 1,95 X 3mt",0.0000,1,100.000.000,1,0,10.000,1,,,,,,,
26020141,simple,"BASE P/ PORTA L4'' 1,95 X 2mt",0.0000,1,100.000.000,1,0,10.000,1,,,,,,,
1402,grouped,Tubo Oblongo,0.0000,1,100.000.000,1,1,10.000,1,,,,,,,14023016=0.000000
14023016,simple,"TUBO OBLONGO 30 x 16 (1,20mm) 6m",0.0000,1,100.000.000,1,1,10.000,1,,,,,,,
2603,grouped,Lambri Ondulado Galvanizado,0.0000,1,100.000.000,1,1,10.000,1,,,,,,,"26030002=0.000000,26031001=0.000000,26030000=0.000000,26030001=0.000000,26030003=0.000000,26030004=0.000000"
26030000,simple,"LAMBRI ONDUL GALV (0,80MM) 1,10 X 2M",0.0000,1,100.000.000,1,1,10.000,1,,,,,,,
26030002,simple,"LAMBRI ONDUL GALV (0,80MM) 0,95 X 2M",0.0000,1,100.000.000,1,1,10.000,1,,,,,,,
26030003,simple,"LAMBRI ONDUL GALV (0,80MM) 1,10 X 2,5M",0.0000,1,100.000.000,1,1,10.000,1,,,,,,,
10039,grouped,Perfil Baguete,0.0000,1,100.000.000,1,0,10.000,1,,,,,,,10039990=0.000000
10039990,simple,PERFIL BAGUETE 3/8 - 1.20mm,0.0000,1,100.000.000,1,0,10.000,1,,,,,,,
3102,grouped,Chapa de Alumínio,0.0000,1,100.000.000,1,1,10.000,1,,,,,,,
801,grouped,Chapa Laminada a Frio,0.0000,1,100.000.000,1,0,10.000,1,,,,,,,"08012200=0.000000,08012000=0.000000,08012001=0.000000,08011800=0.000000,08011801=0.000000"
8012200,simple,"CHAPA PRETA (LF) N 22 (0,75mm) 2 X 1m",0.0000,1,100.000.000,1,0,10.000,1,,,,,,,
8012000,simple,"CHAPA PRETA (LF) N 20 (0,90mm) 2 X 1m",0.0000,1,100.000.000,1,0,10.000,1,,,,,,,
8012001,simple,"CHAPA PRETA (LF) N 20 (0,90mm) 2 X 1,20m",0.0000,1,100.000.000,1,0,10.000,1,,,,,,,
8011800,simple,"CHAPA PRETA (LF) N 18 (1,20mm) 2 X 1m",0.0000,1,100.000.000,1,0,10.000,1,,,,,,,
8011801,simple,"CHAPA PRETA (LF) N 18 (1,20mm) 2 X 1,20m",0.0000,1,100.000.000,1,0,10.000,1,,,,,,,
804,grouped,Sapata de Chapa,0.0000,1,100.000.000,1,0,10.000,1,,,,,,,"08040310=0.000000,08040315=0.000000,08040320=0.000000,08040610=0.000000,08040615=0.000000,08040620=0.000000"
8040310,simple,SAPATA CHATA 1/8 (03.18mm) 10 X 10cm,0.0000,1,100.000.000,1,0,10.000,1,,,,,,,
8040315,simple,SAPATA CHATA 1/8 (03.18mm) 15 X 15cm,0.0000,1,100.000.000,1,0,10.000,1,,,,,,,
8040320,simple,SAPATA CHATA 1/8 (03.18mm) 20 X 20cm,0.0000,1,100.000.000,1,0,10.000,1,,,,,,,
8040610,simple,SAPATA CHATA 1/4 (06.35mm) 10 X 10cm,0.0000,1,100.000.000,1,0,10.000,1,,,,,,,
8040615,simple,SAPATA CHATA 1/4 (06.35mm) 15 X 15cm,0.0000,1,100.000.000,1,0,10.000,1,,,,,,,
8040620,simple,SAPATA CHATA 1/4 (06.35mm) 20 X 20cm,0.0000,1,100.000.000,1,0,10.000,1,,,,,,,
2607,grouped,Chapa Expandida,,,,,,,,,,,,,,
26070318,simple,CHAPA EXPANDIDA AC 1/8'' (50X100) 2x1,0.0000,1,100.000.000,1,1,10.000,1,,,,,,,
26070476,simple,CHAPA EXPANDIDA AC 3/16 (50x100) 2x1 ,0.0000,1,100.000.000,1,1,10.000,1,,,,,,,
26070635,simple,CHAPA EXPANDIDA AC 1/4 (50x100) 2x1,0.0000,1,100.000.000,1,1,10.000,1,,,,,,,
26050,grouped,Tela Soldada,0.0000,1,100.000.000,1,0,10.000,1,,,,,,,"26050105=0.000000,26050115=0.000000,26050130=0.000000,26050140=0.000000,26050141=0.000000,26050215=0.000000"
26050105,simple,"TELA SOLDADA 1mt 1,5X1,5cm Ar.1,50mm",0.0000,1,100.000.000,1,0,10.000,1,,,,,,,
26050115,simple,"TELA SOLDADA 1mt 2,5X2,5cm Ar.2,10mm",0.0000,1,100.000.000,1,0,10.000,1,,,,,,,
26050130,simple,"TELA SOLDADA 1mt 3,5X3,5cm Ar.2,75mm",0.0000,1,100.000.000,1,0,10.000,1,,,,,,,
26050140,simple,"TELA SOLDADA 1mt 5X5cm Ar.2,75mm",0.0000,1,100.000.000,1,0,10.000,1,,,,,,,
26050141,simple,"TELA SOLDADA 1,50mt 5X5cm Ar.2,75mm",0.0000,1,100.000.000,1,0,10.000,1,,,,,,,
26050215,simple,"TELA SOLDADA 2mt 2,5X2,5cm Ar.2,10mm",0.0000,1,100.000.000,1,0,10.000,1,,,,,,,
102,grouped,Arame para Construção Ca-60,,,,,,,,,,,,,,
1024200,simple,ARAME P/ CONCRETO 4.2mm (Rolo),0.0000,1,100.000.000,1,0,10.000,1,,,,,,,
1025000,simple,ARAME P/ CONCRETO 5.0mm (Rolo),0.0000,1,100.000.000,1,0,10.000,1,,,,,,,
1026000,simple,ARAME P/ CONCRETO 6.0mm (Rolo),0.0000,1,100.000.000,1,0,10.000,1,,,,,,,
2605,grouped,Tela Morlan,0.0000,1,100.000.000,1,0,10.000,1,,,,,,,"26050010=0.000000,26050015=0.000000,26050020=0.000000"
26050010,simple,"TELA MORLAN 1mt 15X5cm Ar.2,5mm",0.0000,1,100.000.000,1,0,10.000,1,,,,,,,
26050015,simple,"TELA MORLAN 1.5mt 15X5cm Ar.2,5mm",0.0000,1,100.000.000,1,0,10.000,1,,,,,,,
26050020,simple,"TELA MORLAN 2mt 15X5cm Ar.2,5mm",0.0000,1,100.000.000,1,0,10.000,1,,,,,,,
3011400,simple,ARAME RECOZIDO 14 (2 mm),0.0000,1,100.000.000,1,0,10.000,1,,,,,,,
15011251,simple,PREGO S/ CAB 2'' X 12,0.0000,1,100.000.000,1,0,10.000,1,,,,,,,
3101,grouped,Bobina Alumínio,0.0000,1,100.000.000,1,0,10.000,1,,,,,,,"31010030=0.000000,31010050=0.000000,31010060=0.000000,31010070=0.000000,31010080=0.000000,31010099=0.000000"
31010030,simple,"BOBINA ALUMINIO (0,50mm) 30cm",0.0000,1,100.000.000,1,0,10.000,1,,,,,,,
31010050,simple,"BOBINA ALUMINIO (0,50mm) 50cm",0.0000,1,100.000.000,1,0,10.000,1,,,,,,,
31010060,simple,"BOBINA ALUMINIO (0,50mm) 60cm",0.0000,1,100.000.000,1,0,10.000,1,,,,,,,
31010070,simple,"BOBINA ALUMINIO (0,50mm) 70cm",0.0000,1,100.000.000,1,0,10.000,1,,,,,,,
31010080,simple,"BOBINA ALUMINIO (0,50mm) 80cm",0.0000,1,100.000.000,1,0,10.000,1,,,,,,,
31010099,simple,"BOBINA ALUMINIO (0,50mm) 100cm",0.0000,1,100.000.000,1,0,10.000,1,,,,,,,
20308176,simple,COLUNA ARMADA 5/16'' - 7 X 17 - 6M,0.0000,1,100.000.000,1,1,10.000,1,,,,,,,
9022799,simple,"CHAPA ROLO N 26 (0,50MM) 100 CM",0.0000,1,100.000.000,1,0,10.000,1,,,,,,,
20308175,simple,COLUNA ARMADA 5/16'' - 7 X 17 - 5M,0.0000,1,100.000.000,1,1,10.000,1,,,,,,,
203081745,simple,"COLUNA ARMADA 5/16'' - 7 X 17 - 4,5M",0.0000,1,100.000.000,1,1,10.000,1,,,,,,,
20308174,simple,COLUNA ARMADA 5/16'' - 7 X 17 - 4M,0.0000,1,100.000.000,1,1,10.000,1,,,,,,,
203081735,simple,"COLUNA ARMADA 5/16'' - 7 X 17 - 3,5M",0.0000,1,100.000.000,1,1,10.000,1,,,,,,,
9022950,simple,"CHAPA ROLO N 28 (0,43MM) 50 CM",0.0000,1,100.000.000,1,1,10.000,1,,,,,,,
20308173,simple,COLUNA ARMADA 5/16'' - 7 X 17 - 3M,0.0000,1,100.000.000,1,1,10.000,1,,,,,,,
20310176,simple,COLUNA ARMADA 3/8'' - 7 X 17 - 6M,0.0000,1,100.000.000,1,1,10.000,1,,,,,,,
20310175,simple,COLUNA ARMADA 3/8'' - 7 X 17 - 5M,0.0000,1,100.000.000,1,1,10.000,1,,,,,,,
203101745,simple,"COLUNA ARMADA 3/8'' - 7 X 17 - 4,5M",0.0000,1,100.000.000,1,1,10.000,1,,,,,,,
9022999,simple,"CHAPA ROLO N 28 (0,43MM) 100 CM",0.0000,1,100.000.000,1,1,10.000,1,,,,,,,
20310174,simple,COLUNA ARMADA 3/8'' - 7 X 17 - 4M,0.0000,1,100.000.000,1,1,10.000,1,,,,,,,
203101735,simple,"COLUNA ARMADA 3/8'' - 7 X 17 - 3,5M",0.0000,1,100.000.000,1,1,10.000,1,,,,,,,
20310173,simple,COLUNA ARMADA 3/8'' - 7 X 17 - 3M,0.0000,1,100.000.000,1,1,10.000,1,,,,,,,
2050899,simple,SAPATA TELA 5/16 (8.0mm) 100 X 100,0.0000,1,100.000.000,1,1,10.000,1,,,,,,,
7032538,simple,"PERFIL W ESTR 250 X 38,5 (262X147X6,6mm)",0.0000,1,100.000.000,1,1,10.000,1,,,,,,,
26010207,simple,"TELHA GALVALUME TRAP 40 (0,43x980x37mm) 7m",0.0000,1,100.000.000,1,1,10.000,1,,,,,,,
8011201,simple,"CHAPA PRETA (LQ) N 12 (2,65mm) 2 x 1,20",0.0000,1,100.000.000,1,1,10.000,1,,,,,,,
26031,grouped,Lambri Trapezoidal Galvanizado,0.0000,1,100.000.000,1,1,10.000,1,,,,,,,"26031044=0.000000,26031045=0.000000,26031046=0.000000,26031040=0.000000"
26031046,simple,"LAMBRI TRAPEZ GALV (0,75MM) 11G(10X85X15) 1,08 X 2,5M",0.0000,1,100.000.000,1,1,10.000,1,,,,,,,
26031044,simple,"LAMBRI TRAPEZ GALV (0,75MM) 11G(10X85X15) 1,08 X 2M",0.0000,1,100.000.000,1,1,10.000,1,,,,,,,
26030004,simple,"LAMBRI ONDUL GALV (0,80MM) 1,10 X 3M",0.0000,1,100.000.000,1,1,10.000,1,,,,,,,
26030001,simple,"LAMBRI ONDUL GALV (0,80MM) 1,10 X 2,2M",0.0000,1,100.000.000,1,1,10.000,1,,,,,,,
26031001,simple,"LAMBRI ONDUL GALV (0,80MM) 1,06 X 2M",0.0000,1,100.000.000,1,1,10.000,1,,,,,,,
26031045,simple,"LAMBRI TRAPEZ GALV (0,75MM) 11G(10X85X15) 1,08 X 2,2M",0.0000,1,100.000.000,1,1,10.000,1,,,,,,,
26031040,simple,"LAMBRI TRAPEZ GALV (0,75MM) 29G(20X22) 1,00 X 2M",0.0000,1,100.000.000,1,0,10.000,1,,,,,,,
26022,grouped,Perfil U Galvanizado para Portas,0.0000,1,100.000.000,1,1,10.000,1,,,,,,,"26022530=0.000000,26022531=0.000000"
26022530,simple,"PERFIL 25 X 32 GALV (1,25MM) LEVE",0.0000,1,100.000.000,1,1,10.000,1,,,,,,,
26022531,simple,"PERFIL 25 X 32 GALV (1,55MM) PESADO",0.0000,1,100.000.000,1,1,10.000,1,,,,,,,
